"Key","Item Type","Publication Year","Author","Title","Publication Title","ISBN","ISSN","DOI","Url","Abstract Note","Date","Date Added","Date Modified","Access Date","Pages","Num Pages","Issue","Volume","Number Of Volumes","Journal Abbreviation","Short Title","Series","Series Number","Series Text","Series Title","Publisher","Place","Language","Rights","Type","Archive","Archive Location","Library Catalog","Call Number","Extra","Notes","File Attachments","Link Attachments","Manual Tags","Automatic Tags","Editor","Series Editor","Translator","Contributor","Attorney Agent","Book Author","Cast Member","Commenter","Composer","Cosponsor","Counsel","Interviewer","Producer","Recipient","Reviewed Author","Scriptwriter","Words By","Guest","Number","Edition","Running Time","Scale","Medium","Artwork Size","Filing Date","Application Number","Assignee","Issuing Authority","Country","Meeting Name","Conference Name","Court","References","Reporter","Legal Status","Priority Numbers","Programming Language","Version","System","Code","Code Number","Section","Session","Committee","History","Legislative Body"
"LLTL9RF9","journalArticle","2023","López, Tania; Escobar, Mercedes; Cárdenas, Beatriz; Duran, Yasmin Agustin; Retama, Armando; Cortés, Maite","Ciencia participativa: acción para un aire limpio","","","","","https://es.wri.org/publicaciones/ciencia-participativa-accion-para-un-aire-limpio","SinopsisDurante 2019, la contaminación del aire en México causó casi 48 mil muertes (IHME 2019) y se estima que cada año causa alrededor","2023-08-18","2025-10-16 20:43:36","2025-10-16 20:43:36","2025-10-16 20:43:36","","","","","","","Ciencia participativa","","","","","","","es","","","","","es.wri.org","","","","/home/aman/Zotero/storage/MS4RRQ4Q/López et al. - 2023 - Ciencia participativa acción para un aire limpio.pdf","","","","","","","","","","","","","","","","","","","","","","","","","","","","","","","","","","","","","","","","","","","","","","","","",""
"NXTFIW6S","journalArticle","2021","Dhindaw, Jaya; Kumar, Aarathi; Jain, Monica","Accelerating Innovation in Urban Service Delivery in Indian Cities: Lessons from TheCityFix Labs India","","","","","https://www.wri.org/research/accelerating-innovation-urban-service-delivery-indian-cities-lessons-thecityfix-labs-india","This practice note looks at the WRI India approach of developing a powerful value accelerator platform to scale innovative solutions for gaps in service delivery in collaboration with the quadruple helix stakeholders of government, private sector, academia and citizens. This note assesses the existing innovation ecosystem and the potential for pilot projects to mobilise investment and spark policy reform for the successful delivery of sustainable urban services. This note also sheds light on the enabling conditions needed to deliver sustainable infrastructure, and issues that must be addressed to enable innovative small players and new entrants to participate.","2021-08-17","2025-10-16 20:43:28","2025-10-16 20:43:28","2025-10-16 20:43:28","","","","","","","Accelerating Innovation in Urban Service Delivery in Indian Cities","","","","","","","en","","","","","www.wri.org","","","","/home/aman/Zotero/storage/VE84XRKG/Dhindaw et al. - 2021 - Accelerating Innovation in Urban Service Delivery in Indian Cities Lessons from TheCityFix Labs Ind.pdf","","","","","","","","","","","","","","","","","","","","","","","","","","","","","","","","","","","","","","","","","","","","","","","","",""
"AH6U78JI","journalArticle","2021","Qiu, Shiyong; 薛露露; 蔡静; 陈佳琪; 宋丽英; 吴征","Zero-Emission Logistic Vehicles Promotion Challenges and Experiences: Beijing Case Study","","","","","https://wri.org.cn/en/research/zero-emission-logistic-vehicles-promotion-challenges-and-experiences-beijing-case-study","Although urban logistic vehicles constitute less than 10% of vehicles on the road in most cities, they account for a disproportionate amount of transport-related CO2 emissions and pollutants. Hence, transitioning to zero-emission logistic vehicles is a key measure for cities to achieve cleaner air and to prevent climate change.","2021-01-04","2025-10-16 20:42:54","2025-10-16 20:42:54","2025-10-16 20:42:54","","","","","","","Zero-Emission Logistic Vehicles Promotion Challenges and Experiences","","","","","","","en","","","","","wri.org.cn","","","","/home/aman/Zotero/storage/RM2RR68Q/Qiu et al. - 2021 - Zero-Emission Logistic Vehicles Promotion Challenges and Experiences Beijing Case Study.pdf","","","","","","","","","","","","","","","","","","","","","","","","","","","","","","","","","","","","","","","","","","","","","","","","",""
"WRRJ7UQ5","journalArticle","2023","Mulukutla, Pawan; Das, Shyamasis; Bansal, Priya","Financial Analysis of Charging station (FACt)","","","","","https://wri-india.org/research/financial-analysis-charging-station-fact","SynopsisThe MS-Excel-based tool ‘Financial Analysis of Charging station (FACt)’ (the “Tool”) has been developed to help build an understanding of the business case for rolling out public charging infrastructure for electric vehicles (EVs) in the Indian context. It is a flexible, transparent, and user-friendly solution to the problem of conducting a quick preliminary assessment of the financial justification for setting up a public charging station.","2023-03-27","2025-10-16 19:24:08","2025-10-16 19:24:08","2025-10-16 19:24:08","","","","","","","","","","","","","","en","","","","","wri-india.org","","","","/home/aman/Zotero/storage/SPFBWS3K/Mulukutla et al. - 2023 - Financial Analysis of Charging station (FACt).pdf","","","","","","","","","","","","","","","","","","","","","","","","","","","","","","","","","","","","","","","","","","","","","","","","",""
"GB85I3QV","journalArticle","2023","Mackres, Eric; Shabou, Saif; Wong, Ted","Calculating Indicators From Global Geospatial Data Sets for Benchmarking and Tracking Change in the Urban Environment","","","","","https://www.wri.org/research/calculating-indicators-global-geospatial-datasets-urban-environment","This technical note discusses methods for using these data in combination with locally meaningful jurisdictional boundaries to calculate local measurements of indicators on several themes—including access to urban amenities, air quality, biodiversity, flooding, climate change mitigation, heat, and land protection and restoration—relevant to urban decision-makers, researchers, and other stakeholders.","2023-03-29","2025-10-16 19:24:04","2025-10-16 19:24:04","2025-10-16 19:24:04","","","","","","","","","","","","","","en","","","","","www.wri.org","","","","/home/aman/Zotero/storage/UP4ZU2B7/Mackres et al. - 2023 - Calculating Indicators From Global Geospatial Data Sets for Benchmarking and Tracking Change in the.pdf","","","","","","","","","","","","","","","","","","","","","","","","","","","","","","","","","","","","","","","","","","","","","","","","",""
"5XXVYP3A","journalArticle","2023","Rao, Rohan; Maiti, Sudeept; Mulukutla, Pawan","Assessing the Viability of Using Autorickshaws for Urban Freight Delivery in India","","","","","https://wri-india.org/research/assessing-viability-using-autorickshaws-urban-freight-delivery-india","SynopsisIt is estimated that, between 2020 and 2030, India’s freight activity will increase fivefold (NITI Aayog et al. 2021). To meet the rising demand cost-effectively, we need to explore new forms of micro-mobility-based, last-mile freight modes with a focus on low-emissions cargo transportation and optimize existing vehicle stocks.","2023-05-17","2025-10-16 19:23:23","2025-10-16 19:23:23","2025-10-16 19:23:23","","","","","","","","","","","","","","en","","","","","wri-india.org","","","","/home/aman/Zotero/storage/R3EPBPNG/Rao et al. - 2023 - Assessing the Viability of Using Autorickshaws for Urban Freight Delivery in India.pdf","","","","","","","","","","","","","","","","","","","","","","","","","","","","","","","","","","","","","","","","","","","","","","","","",""
"D9NECRCA","journalArticle","2024","邱诗永; 林嘉颖; 刘岱宗; 蒋洪强; 东, 曹; 媛, 王; 张鸿宇; 勃, 李; 晨, 梁","从全球百余城市低碳发展水平异同看中国城市低碳发展之道","","","","","https://wri.org.cn/research/Low-carbon-city-development-in-China","本报告由世界资源研究所和生态环境部环境规划院共同完成，从城市绿色低碳的角度构建了包含低碳生产、低碳消费、低碳环境、低碳进程的指标评价体系，创新性地选取低碳信息指数、第二产业碳生产力等11个典型指标，针对全球102个城市（国际城市43个，国内城市59个）开展了统一口径下的城市低碳发展评价。其中，低碳生产用于表征城市在生产过程中的低碳表现，低碳消费用于衡量一个城市居民的低碳消费行为，低碳环境用于表征城市与自然、生态环境和谐共生的程度，低碳进程则更多强调城市低碳行为取得的一些发展成效。","2024-05-16","2025-10-16 19:23:21","2025-10-16 19:23:21","2025-10-16 19:23:21","","","","","","","","","","","","","","en","","","","","wri.org.cn","","","","/home/aman/Zotero/storage/AFJ42M8V/邱诗永 et al. - 2024 - 从全球百余城市低碳发展水平异同看中国城市低碳发展之道.pdf","","","","","","","","","","","","","","","","","","","","","","","","","","","","","","","","","","","","","","","","","","","","","","","","",""
"L4PBFTVC","journalArticle","2022","Lazer, Leah; Freehafer, Lydia; Wang, Jessica","Technical Note for a Dataset of U.S. School Bus Fleets","","","","","https://www.wri.org/research/technical-note-dataset-us-school-bus-fleets","This technical note describes the methods used to create a dataset of the composition of school bus fleets in the United States.","2022-12-23","2025-10-16 19:23:19","2025-10-16 19:23:19","2025-10-16 19:23:19","","","","","","","","","","","","","","en","","","","","www.wri.org","","","","/home/aman/Zotero/storage/R3SIL84S/Lazer et al. - 2022 - Technical Note for a Dataset of U.S. School Bus Fleets.pdf","","","","","","","","","","","","","","","","","","","","","","","","","","","","","","","","","","","","","","","","","","","","","","","","",""
"M5LRLHKW","journalArticle","2022","Steimer, Hamilton; Kothari, Vishant; Cassius, Sarah","Zero-Emission Delivery Zones: Decarbonizing Urban Freight and Goods Delivery in U.S. Cities","","","","","https://www.wri.org/research/zero-emission-delivery-zones-us-cities","In our study of ZEDZs in the U.S. and Netherlands, we find that they can take different forms depending on local market activity and policy landscapes.","2022-11-14","2025-10-16 19:23:16","2025-10-16 19:23:16","2025-10-16 19:23:16","","","","","","","Zero-Emission Delivery Zones","","","","","","","en","","","","","www.wri.org","","","","/home/aman/Zotero/storage/CFVUM4PR/Steimer et al. - 2022 - Zero-Emission Delivery Zones Decarbonizing Urban Freight and Goods Delivery in U.S. Cities.pdf","","","","","","","","","","","","","","","","","","","","","","","","","","","","","","","","","","","","","","","","","","","","","","","","",""
"EZHPHN8T","journalArticle","2022","Kustar, Anna; Welle, Ben; Tun, Thet Hein","Sustainable Urban Mobility in the NDCs: The Essential Role of Public Transport","","","","","https://www.wri.org/research/sustainable-urban-mobility-ndcs-essential-role-public-transport","More robust measures on transport decarbonization are needed by 2030 to limit global warming to 1.5 degrees Celsius, including reducing vehicle kilometers travelled and electrifying vehicles.","2022-09-28","2025-10-16 19:23:11","2025-10-16 19:23:11","2025-10-16 19:23:11","","","","","","","Sustainable Urban Mobility in the NDCs","","","","","","","en","","","","","www.wri.org","","","","/home/aman/Zotero/storage/L55PIJVF/Kustar et al. - 2022 - Sustainable Urban Mobility in the NDCs The Essential Role of Public Transport.pdf","","","","","","","","","","","","","","","","","","","","","","","","","","","","","","","","","","","","","","","","","","","","","","","","",""
"7HRREPSQ","journalArticle","2023","Tesoriere, Giuseppe; Shrestha, Rajat; Kothari, Vishant; Steimer, Hamilton; Yangden, Mende Thuji; Duarte, Lorenzo Hernández","Changing the Demand Preference for Electric Vehicles in Ho Chi Minh City: Costs and Benefits From Incentives in the Early Stages of Adoption","","","","","https://www.wri.org/research/changing-demand-preference-electric-vehicles-ho-chi-minh-city-costs-and-benefits","This paper evaluates potential costs of implementing financial incentives for electric vehicles (EVs); specifically purchase subsidies and registration rebates offered in HCMC and the benefits related to individual savings and GHG emissions reductions.","2023-01-31","2025-10-16 19:23:06","2025-10-16 19:23:06","2025-10-16 19:23:06","","","","","","","Changing the Demand Preference for Electric Vehicles in Ho Chi Minh City","","","","","","","en","","","","","www.wri.org","","","","/home/aman/Zotero/storage/JPPTLUAM/Tesoriere et al. - 2023 - Changing the Demand Preference for Electric Vehicles in Ho Chi Minh City Costs and Benefits From In.pdf","","","","","","","","","","","","","","","","","","","","","","","","","","","","","","","","","","","","","","","","","","","","","","","","",""
"RK6KBH9H","journalArticle","2023","Liu, K. Zé; Ly, Stephanie; Ghanadan, Linus; Ding, Yifan; Jackson, Eleanor; Steimer, Hamilton; Cassius, Sarah; Li, Xiangyi; Freehafer, Lydia","Developing an Electric Mobility Roadmap for Vietnam: Global Experiences From National Case Studies","","","","","https://www.wri.org/research/electric-mobility-roadmap-vietnam-case-studies","To create a successful e-mobility roadmap, Vietnam and other countries should select a lead government ministry, assemble a steering committee, prioritize specific sustainable vehicle types, engage external stakeholders, incentivize EVs, and create strategies to tackle the chicken-and-egg dilemma of e-mobility adoption and charging provisions. Good goal setting and implementation monitoring are also crucial for success.","2023-05-15","2025-10-16 19:22:54","2025-10-16 19:22:54","2025-10-16 19:22:54","","","","","","","Developing an Electric Mobility Roadmap for Vietnam","","","","","","","en","","","","","www.wri.org","","","","/home/aman/Zotero/storage/JH64JUGE/Liu et al. - 2023 - Developing an Electric Mobility Roadmap for Vietnam Global Experiences From National Case Studies.pdf","","","","","","","","","","","","","","","","","","","","","","","","","","","","","","","","","","","","","","","","","","","","","","","","",""
"6CLCL9U8","journalArticle","2021","Lazer, Leah; Wachche, Sadanand; Sclar, Ryan; Cassius, Sarah","Electrifying Ride-Hailing in the United States, Europe, and Canada: How to Enable Ride-Hailing Drivers to Switch to Electric Vehicles","","","","","https://www.wri.org/research/electrifying-ride-hailing-united-states-europe-canada","Efforts to reduce transportation emissions through electrification can accelerate their impact by focusing on intensively used vehicles. Vehicles driven on ride-hailing platforms such as Uber and Lyft are intensively used, and their distinct charging patterns can support the development of essential electric vehicle (EV) charging infrastructure.","2021-10-11","2025-10-16 19:21:45","2025-10-16 19:21:45","2025-10-16 19:21:45","","","","","","","Electrifying Ride-Hailing in the United States, Europe, and Canada","","","","","","","en","","","","","www.wri.org","","","","/home/aman/Zotero/storage/TZ6AX6B5/Lazer et al. - 2021 - Electrifying Ride-Hailing in the United States, Europe, and Canada How to Enable Ride-Hailing Drive.pdf","","","","","","","","","","","","","","","","","","","","","","","","","","","","","","","","","","","","","","","","","","","","","","","","",""
"PCJ93RKN","journalArticle","2022","Song, Su; 马佳卉; 刘安迪; 季钧一; 路庆玲; 钟淼晴; 谭鼎; 许笑天","出行即服务（MAAS）实践指南介绍与案例集","","","","","https://wri.org.cn/report/MaaS-Guideline-for-Chinese-Cities-and-Case-Studies","MaaS是一种新的出行服务理念，是指“将不同方式的出行服务（包括公交车、地铁、网约车、共享单车、出租车、轮渡等），整合进按需出行的一体化出行服务平台中”的一种服务，通过一站式的出行规划和支付等增值服务，为出行者量身定制高效、经济、低碳的出行解决方案。智慧共享出行与国家低碳可持续发展战略相一致。在中国未来交通发展中，推动绿色低碳出行，将成为MaaS发展的动力及主要原因之一。中国近几年逐渐重视MaaS的探索和发展。交通运输部及很多城市都将推广MaaS等智慧出行纳入到综合交通规划中。然而，MaaS在全球仍然是较新的概念，其发展也面临一些痛点。参与方对MaaS本身的概念还比较模糊。目前，北京的MaaS平台和广州等试点都对MaaS在中国的发展进行了探索，欧洲MaaS案例相对较多，但各国的实践都处在初期阶段，也各有经验和不足。因此，借此契机，我们整理国内外实践经验，对MaaS的规划与实施框架进行总结，并给出关键的成功要素与建议。","2022-10-11","2025-10-16 19:21:42","2025-10-16 19:21:42","2025-10-16 19:21:42","","","","","","","","","","","","","","en","","","","","wri.org.cn","","","","/home/aman/Zotero/storage/BFNITW68/Song et al. - 2022 - 出行即服务（MAAS）实践指南介绍与案例集.pdf","","","","","","","","","","","","","","","","","","","","","","","","","","","","","","","","","","","","","","","","","","","","","","","","",""
"752MDJ5V","journalArticle","2023","Govea, Ariel; Martínez, Ana María; Hernández, José Juan","Análisis de los mecanismos financieros para la sostenibilidad del transporte público en ciudades mexicanas","","","","","https://es.wri.org/publicaciones/analisis-de-los-mecanismos-financieros-para-la-sostenibilidad-del-transporte-publico","SinopsisLa presente investigación responde a la pregunta de cuáles son los posibles mecanismos de financiamiento y fondeo del transporte público urbano, y qué requerimientos o adaptaciones son necesarias en el contexto de las ciudades mexicanas. Se toman como referencia los instrumentos financieros identificados mediante una revisión de literatura de publicaciones de organismos multilaterales sobre el tema a nivel global,de revisión de casos en ciudades mexicanas y de propuestas derivadas de las experiencias a nivel local.","2023-05-30","2025-10-16 19:21:39","2025-10-16 19:21:39","2025-10-16 19:21:39","","","","","","","","","","","","","","es","","","","","es.wri.org","","","","/home/aman/Zotero/storage/C44V62G8/Govea et al. - 2023 - Análisis de los mecanismos financieros para la sostenibilidad del transporte público en ciudades mex.pdf","","","","","","","","","","","","","","","","","","","","","","","","","","","","","","","","","","","","","","","","","","","","","","","","",""
"S8UKMW6F","journalArticle","2022","Mulukutla, Pawan; Pai, Madhav; Das, Shyamasis; Ray, Anirudh","Rolling out Electric Buses","","","","","https://wri-india.org/research/rolling-out-electric-buses","SynopsisThe guidebook is a ready reckoner for transit agencies to help them adopt a calibrated approach to induct electric buses in their services. This is to ensure that the technology shift neither disrupts the quality of the bus service nor becomes burdensome for the transit agencies. Such a phased implementation hinges on several technical and financial considerations which are often inter-linked and limited by some constraints.","2022-03-28","2025-10-16 19:21:36","2025-10-16 19:21:36","2025-10-16 19:21:36","","","","","","","","","","","","","","en","","","","","wri-india.org","","","","/home/aman/Zotero/storage/ZEWQ4EMJ/Mulukutla et al. - 2022 - Rolling out Electric Buses.pdf","","","","","","","","","","","","","","","","","","","","","","","","","","","","","","","","","","","","","","","","","","","","","","","","",""
"2ZKUTA6H","journalArticle","2022","Pérez, Tania; López, Sandra; Martínez, Ana María; Janka, Laura; Aguirre, Paola; Tafoya, Yetzi","Guía de entornos caminables seguros","","","","","https://es.wri.org/publicaciones/guia-de-entornos-caminables-seguros","SinopsisEn México, la construcción del entorno urbano ha estado dominado por criterios carreteros que priorizan la eficiencia vehicular y de velocidades. Es crucial cambiar el paradigma de la calle como un medio de flujos, hacia la calle como el espacio público que es eje central de la vida urbana, y espacio de la construcción y del ejercicio de la ciudadanía.","2022-08-07","2025-10-16 19:21:33","2025-10-16 19:21:33","2025-10-16 19:21:33","","","","","","","","","","","","","","es","","","","","es.wri.org","","","","/home/aman/Zotero/storage/LZXPR2CL/Pérez et al. - 2022 - Guía de entornos caminables seguros.pdf","","","","","","","","","","","","","","","","","","","","","","","","","","","","","","","","","","","","","","","","","","","","","","","","",""
"FIJVP4XC","journalArticle","2025","Lazer, Leah; Freehafer, Lydia; Zepka, Brian","Technical Note for A Dataset Of Electric School Bus Adoption In The United States","","","","","https://www.wri.org/research/technical-note-dataset-electric-school-bus-adoption-united-states","Transitioning to electric school buses (ESBs) from traditional diesel-powered school buses can reduce students’ exposure to air pollution and decrease greenhouse gas emissions.","2025-11-07","2025-10-16 19:21:29","2025-10-16 19:21:29","2025-10-16 19:21:29","","","","","","","","","","","","","","en","","","","","www.wri.org","","","","/home/aman/Zotero/storage/57Y94SI9/Lazer et al. - 2025 - Technical Note for A Dataset Of Electric School Bus Adoption In The United States.pdf","","","","","","","","","","","","","","","","","","","","","","","","","","","","","","","","","","","","","","","","","","","","","","","","",""
"PU9W3FRI","journalArticle","2021","Tun, Thet Hein; Fried, Travis; Kanuri, Chaitanya; Oursler, Anna; Davidson, Adam; Welle, Ben","Impact-Driven Investing in New Mobility Enterprises: Perspectives from Kampala, Uganda, and Hyderabad, India","","","","","https://www.wri.org/research/impact-driven-investing-new-mobility-enterprises-perspectives","Private investments present a critical funding opportunity to achieve the Sustainable Development Goals, due to the growing recognition that socially and environmentally responsible solutions can generate impacts and financial returns across the risk spectrum. Innovative new mobility solutions—especially when driven by impact-oriented investments and enabled by inclusive policies—can be part of the solution for sustainable and equitable transport.","2021-09-27","2025-10-16 19:20:33","2025-10-16 19:20:33","2025-10-16 19:20:33","","","","","","","Impact-Driven Investing in New Mobility Enterprises","","","","","","","en","","","","","www.wri.org","","","","/home/aman/Zotero/storage/3PLD5HR7/Tun et al. - 2021 - Impact-Driven Investing in New Mobility Enterprises Perspectives from Kampala, Uganda, and Hyderaba.pdf","","","","","","","","","","","","","","","","","","","","","","","","","","","","","","","","","","","","","","","","","","","","","","","","",""
"DR3R6682","journalArticle","2021","Dhindaw, Jaya; Kumaraswamy, Sree Kumar; Prakash, Surya; Chanchani, Radha; Deb, Amartya","Synergizing Land Value Capture and Transit-Oriented Development: A Study of Bengaluru Metro","","","","","https://www.wri.org/research/synergizing-land-value-capture-tod","The Government of Karnataka and Bangalore Metro Rail Corporation Limited are exploring ways to offset the heavy economic burden of expanding the metro rail transit network in Bengaluru. Land value capture (LVC) is a public financing strategy that can recover a portion of the real estate value that development along the metro corridor generates for private property owners. Deployed effectively, LVC can help fund the growth of mass transit and allied infrastructure.","2021-01-06","2025-10-16 19:20:23","2025-10-16 19:20:23","2025-10-16 19:20:23","","","","","","","Synergizing Land Value Capture and Transit-Oriented Development","","","","","","","en","","","","","www.wri.org","","","","/home/aman/Zotero/storage/7PGX7RB4/Dhindaw et al. - 2021 - Synergizing Land Value Capture and Transit-Oriented Development A Study of Bengaluru Metro.pdf","","","","","","","","","","","","","","","","","","","","","","","","","","","","","","","","","","","","","","","","","","","","","","","","",""
"UNSJBPMK","journalArticle","2021","Fried, Travis; Welle, Ben; Avelleda, Sergio","Steering a Green, Healthy, and Inclusive Recovery Through Transport","","","","","https://www.wri.org/research/green-recovery-transportation","The pandemic and resulting economic fallout have upended mobility. This report, with the Transport Decarbonisation Alliance (TDA), evaluates how countries, cities, and companies have allocated funds, directed policies, or launched actions that impact the transport sector. It provides evidence of how these interventions could shape long-term economic recovery that addresses climate, health, safety, and equity goals.","2021-06-24","2025-10-16 19:20:16","2025-10-16 19:20:16","2025-10-16 19:20:16","","","","","","","","","","","","","","en","","","","","www.wri.org","","","","/home/aman/Zotero/storage/F6XQ9RYC/Fried et al. - 2021 - Steering a Green, Healthy, and Inclusive Recovery Through Transport.pdf","","","","","","","","","","","","","","","","","","","","","","","","","","","","","","","","","","","","","","","","","","","","","","","","",""
"RW3VMWLU","journalArticle","2022","Liu, Kangjie; Ly, Stephanie; Jackson, Eleanor; Steimer, Hamilton; Cassius, Sarah; Li, Xiangyi; Myers, Erika; Duarte, Lorenzo Hernandez; Freehafer, Lydia","Developing an Electric Mobility Roadmap: International Experiences from Subnational Case Studies for Vietnamese Cities","","","","","https://www.wri.org/research/developing-electric-mobility-roadmap-international-experiences-subnational-case-studies","This paper is part of a series that analyzes international experiences of electric mobility (e-mobility) adoption for stakeholders in Vietnam, and especially those in Da Nang, Hanoi, and Ho Chi Minh City, each meant to represent a macro-region of the country. Vietnam has experienced rapid socio-economic development in the last two decades, but as a result, air pollution, motorization, and fossil fuel consumption have all increased in its cities, causing public health and infrastructure concerns.","2022-12-08","2025-10-16 19:20:12","2025-10-16 19:20:12","2025-10-16 19:20:12","","","","","","","Developing an Electric Mobility Roadmap","","","","","","","en","","","","","www.wri.org","","","","/home/aman/Zotero/storage/AICHIPK6/Liu et al. - 2022 - Developing an Electric Mobility Roadmap International Experiences from Subnational Case Studies for.pdf","","","","","","","","","","","","","","","","","","","","","","","","","","","","","","","","","","","","","","","","","","","","","","","","",""
"MKPMX224","journalArticle","2021","Werthmann, Emmett; Kothari, Vishant","Pole-Mounted Electric Vehicle Charging: Preliminary Guidance for a Low-Cost and More Accessible Public Charging Solution for U.S. Cities","","","","","https://www.wri.org/research/pole-mounted-electric-vehicle-charging-preliminary-guidance","To enable mass electric vehicle (EV) adoption, public charging access must be equitably distributed to support all drivers. For drivers who lack access to dedicated off-street parking or are unable to charge where they park, making the switch to an EV is not yet a logical choice. To help improve access, the installation of public charging stations at the curbside is necessary. Unfortunately, cities looking to improve the availability of curbside chargers are too often confronted with high installation costs and a lack of available space for installation on crowded curbsides.","2021-11-30","2025-10-16 19:20:02","2025-10-16 19:20:02","2025-10-16 19:20:02","","","","","","","Pole-Mounted Electric Vehicle Charging","","","","","","","en","","","","","www.wri.org","","","","/home/aman/Zotero/storage/A3A9BX95/Werthmann and Kothari - 2021 - Pole-Mounted Electric Vehicle Charging Preliminary Guidance for a Low-Cost and More Accessible Publ.pdf","","","","","","","","","","","","","","","","","","","","","","","","","","","","","","","","","","","","","","","","","","","","","","","","",""
"ER7ZT8JZ","journalArticle","2020","Brito, Mauricio; Zubicaray, Gorka; Macias, Jorge A.; Ramírez, Lorelei; Jacquin, Céline","Índice de Desigualdad Urbana","","","","","https://es.wri.org/publicaciones/indice-de-desigualdad-urbana","SinopsisEsta publicación presenta una metodología para evaluar las condiciones de desigualdad en el acceso a oportunidades de desarrollo en zonas urbanas de México, con la finalidad de promover una herramienta para la toma de decisiones en materia de ordenamiento territorial y planeación urbana que contribuya en la transformación urbana hacia un modelo más sostenible e incluyente.","2020-12-18","2025-10-16 19:15:45","2025-10-16 19:15:45","2025-10-16 19:15:45","","","","","","","","","","","","","","es","","","","","es.wri.org","","","","/home/aman/Zotero/storage/GCUC2WEF/Brito et al. - 2020 - Índice de Desigualdad Urbana.pdf","","","","","","","","","","","","","","","","","","","","","","","","","","","","","","","","","","","","","","","","","","","","","","","","",""
"JQZI32XT","journalArticle","2023","Santana, José Luis; Mendoza, Marco Antonio; Escalante, David; Hernández, Ana Itzel","Base de datos ajustada de la Encuesta Origen-Destino para la Zona Metropolitana del Valle de México, 2017","","","","","https://es.wri.org/publicaciones/base-de-datos-ajustada-de-la-encuesta-origen-destino-para-la-zona-metropolitana-del","A partir de su publicación por el INEGI, WRI México ha utilizado los resultados de la Encuesta Origen Destino en Hogares de la Zona Metropolitana del Valle de México 2017, en la elaboración de distintos análisis y planteamientos de soluciones de transporte.","2023-10-10","2025-10-16 19:13:36","2025-10-16 19:13:36","2025-10-16 19:13:36","","","","","","","","","","","","","","es","","","","","es.wri.org","","","","/home/aman/Zotero/storage/8VMLKUDK/Santana et al. - 2023 - Base de datos ajustada de la Encuesta Origen-Destino para la Zona Metropolitana del Valle de México,.pdf","","","","","","","","","","","","","","","","","","","","","","","","","","","","","","","","","","","","","","","","","","","","","","","","",""
"IGGP24UK","journalArticle","2025","冉纯嘉; 薛露露","Navigating sustainability: Comparative Study of China’s and International Standards for Sustainable Transportation Fuels","","","","","https://wri.org.cn/en/research/navigating-sustainability-comparative-study-chinas-and-international-standards-sustainable","Promoting sustainable alternative fuels is widely regarded as a key strategy for achieving emission reduction targets in the transportation sector. Defining sustainable alternative fuels through clear and robust standards is critical. These standards form the basis for designing effective policy frameworks and guiding industry investment. In recent years, ICAO, IMO, the EU, the United States, and China have all introduced policies to support the development of sustainable alternative fuels. These policies are beginning to have a profound impact on China’s relevant industries.","2025-06-30","2025-10-16 19:10:25","2025-10-16 19:10:25","2025-10-16 19:10:25","","","","","","","Navigating sustainability","","","","","","","en","","","","","wri.org.cn","","","","/home/aman/Zotero/storage/PC2WH6LA/冉纯嘉 and 薛露露 - 2025 - Navigating sustainability Comparative Study of China’s and International Standards for Sustainable.pdf","","","","","","","","","","","","","","","","","","","","","","","","","","","","","","","","","","","","","","","","","","","","","","","","",""
"CARCFBRY","journalArticle","2024","Renjie, Wang; Daoyuan, Yang; Xing, Chang; Xiaoyu, Tan; Youkai, Xing; Xiaoyi, Li; Xue, Lulu; Chen, Ke","Optimizing container ports’ transportation and Distribution systems toward a low-carbon future: A Shenzhen port case study","","","","","https://wri.org.cn/en/research/Optimizing-container-ports-transportation-and-Distribution-systems-toward-a-low-carbon-future","To tackle the socio-environmental challenges associated with container ports’ transportation and distribution systems, this study uses Shenzhen Port—the third-largest container port globally—as an example.","2024-07-26","2025-10-16 19:09:40","2025-10-16 19:09:40","2025-10-16 19:09:40","","","","","","","Optimizing container ports’ transportation and Distribution systems toward a low-carbon future","","","","","","","en","","","","","wri.org.cn","","","","/home/aman/Zotero/storage/V53UCGKP/Renjie et al. - 2024 - Optimizing container ports’ transportation and Distribution systems toward a low-carbon future A Sh.pdf","","","","","","","","","","","","","","","","","","","","","","","","","","","","","","","","","","","","","","","","","","","","","","","","",""
"FPFYVBU3","journalArticle","2024","薛露露; Chen, Ke; Liu, Xiaoying; Cheng, Yin; Song, Liying; Ren, Huanhuan","Accelerating zero emission truck adoption in urban applications: Beijing analysis and recommendations","","","","","https://wri.org.cn/en/research/accelerating-zero-emission-vehicle-adoption-in-urban-applications-Beijings-analysis-and-recommendations","With the complete phase out of national new energy vehicle purchase subsidies, Chinese cities need to explore more policy instruments to simulate the adoption new energy trucks (NETs).","2024-03-05","2025-10-16 19:09:09","2025-10-16 19:09:09","2025-10-16 19:09:09","","","","","","","Accelerating zero emission truck adoption in urban applications","","","","","","","en","","","","","wri.org.cn","","","","/home/aman/Zotero/storage/BJG5VFFN/薛露露 et al. - 2024 - Accelerating zero emission truck adoption in urban applications Beijing analysis and recommendation.pdf","","","","","","","","","","","","","","","","","","","","","","","","","","","","","","","","","","","","","","","","","","","","","","","","",""
"M8VPBUGY","journalArticle","2024","薛露露; Chen, Ke","Feasibility of zero emission freight zones: scenario analysis and risk assessment","","","","","https://wri.org.cn/en/research/feasibility-of-zero-emission-freight-zones-in-Beijing-Scenario-analysis-and-risk-assessment","To further incentivize the adoption of zero-emission trucks (ZETs), Chinese cities would need more proactive policies like zero-emission freight zones (ZEFZs). Considering goods and freight transportation is central to a city’s economy and social life, the design and implementation of ZEFZs must avoid disruption of the city’s goods supply and the increase of logistic costs, and to ensure inclusive transition of small carriers and financial sustainability for city governments.","2024-03-05","2025-10-16 19:08:45","2025-10-16 19:08:45","2025-10-16 19:08:45","","","","","","","Feasibility of zero emission freight zones","","","","","","","en","","","","","wri.org.cn","","","","/home/aman/Zotero/storage/Y35AHPGH/薛露露 and Chen - 2024 - Feasibility of zero emission freight zones scenario analysis and risk assessment.pdf","","","","","","","","","","","","","","","","","","","","","","","","","","","","","","","","","","","","","","","","","","","","","","","","",""
"2ICB2ARV","journalArticle","2023","薛露露; 刘岱宗","Deciphering China’s Provincial Transport Carbon Emissions: Status Quo and Growth Trends","","","","","https://wri.org.cn/en/research/Deciphering-Chinas-Provincial-Transport-Carbon-Emissions","To decarbonize the transport sector to attain China’s goals of carbon peaking before 2030 and carbon neutrality before 2060, the national and subnational governments in China are actively developing action plans for CO2 peaking before 2030 for key sectors, including transport.","2023-04-24","2025-10-16 19:07:56","2025-10-16 19:07:56","2025-10-16 19:07:56","","","","","","","Deciphering China’s Provincial Transport Carbon Emissions","","","","","","","en","","","","","wri.org.cn","","","","/home/aman/Zotero/storage/HAKZTMHQ/薛露露 and 刘岱宗 - 2023 - Deciphering China’s Provincial Transport Carbon Emissions Status Quo and Growth Trends.pdf","","","","","","","","","","","","","","","","","","","","","","","","","","","","","","","","","","","","","","","","","","","","","","","","",""
"H83RR3ZP","journalArticle","2023","苗领; 刘永红; 曾雪兰; 任焕焕; Huang, Zhuohui; 薛露露","Pathways to Decarbonize the Road Transport Sector in Guangdong, China","","","","","https://wri.org.cn/en/report/Pathways-to-Decarbonize-the-Road-Transport-Sector-in-Guangdong","As a relatively developed province with carbon emissions that could possibly peak before 2030—earlier than other regions—it is important for Guangdong Province to decarbonize its transport sector to achieve its carbon peaking and neutrality goals. According to the authors’ estimation, transport CO2 emissions accounted for 14.3 percent of energy-related emissions in Guangdong Province in 2020. This share is even larger in the Greater Bay Area and on the city level.","2023-04-20","2025-10-16 19:07:31","2025-10-16 19:07:31","2025-10-16 19:07:31","","","","","","","","","","","","","","en","","","","","wri.org.cn","","","","/home/aman/Zotero/storage/IHQUUAX7/苗领 et al. - 2023 - Pathways to Decarbonize the Road Transport Sector in Guangdong, China.pdf","","","","","","","","","","","","","","","","","","","","","","","","","","","","","","","","","","","","","","","","","","","","","","","","",""
"FMMB4EYZ","journalArticle","2021","薛露露; 熊英; 朱晋","Open Communication Protocols Vehicle Grid Integration China Global Experiences","","","","","https://wri.org.cn/en/research/open-communication-protocols-vehicle-grid-integration-china-global-experiences","","2021-01-04","2025-10-16 19:06:15","2025-10-16 19:06:15","2025-10-16 19:06:15","","","","","","","","","","","","","","en","","","","","wri.org.cn","","","","/home/aman/Zotero/storage/EUQJSAJH/薛露露 et al. - 2021 - Open Communication Protocols Vehicle Grid Integration China Global Experiences.pdf","","","","","","","","","","","","","","","","","","","","","","","","","","","","","","","","","","","","","","","","","","","","","","","","",""
"LBTW8CIG","journalArticle","2020","Wei, Wei; Zhang, Zhaosheng; Liu, Peng; Wang, Zhenpo; Xue, Lulu","Analyzing Charging Behavior of Electric City Buses in Typical Chinese Cities","IEEE Access","","2169-3536","10.1109/ACCESS.2019.2963258","https://ieeexplore.ieee.org/document/8946603","Electric city buses have potential to reduce greenhouse gases emission in case the majority of the electric power used in electric buses originate from the renewable sources or nuclear power plants. Their charging behaviors analysis is critical to their development and mass-adoption. To analyze charging behavior characteristics of electric city buses at different locations, the datasets collected from 17576 electric buses operating in 14 cities are used based on the probability statistics method. Then, the characteristic parameters including the charging power and charging duration are utilized to cluster the cities into 5 clusters based on the K-means algorithm. The results enrich the traditional research conducted only under limited test routes and provide the comparison of key characteristic parameters among different clusters. The analysis results are useful in studying the connection between the operational efficiency and the charging behaviors, optimizing the charging scheduling, evaluation of charging load and planning charging infrastructures construction.","2020","2025-10-16 19:02:14","2025-10-16 19:02:14","2025-10-16 19:02:14","4466-4474","","","8","","","","","","","","","","","","","","","IEEE Xplore","","","","/home/aman/Zotero/storage/NA67QCA6/Wei et al. - 2020 - Analyzing Charging Behavior of Electric City Buses in Typical Chinese Cities.pdf","","","Batteries; big data analytic; Carbon dioxide; Charging behaviors; Clustering algorithms; electric city bus; K-means algorithm; Monitoring; Planning; State of charge; Urban areas","","","","","","","","","","","","","","","","","","","","","","","","","","","","","","","","","","","","","","","","","","","","","",""
"88FRKPH2","journalArticle","2017","Xue, Lulu; Fang, Wanli","Rail Plus Property Development in China: the Pilot Case of Shenzhen","","","","","https://www.wri.org/rail-plus-property-development-china-pilot-case-shenzhen","SynopsisChina’s cities face significant challenges in financing the growth of urban transit infrastructure. The current practice of financing urban metro or subway projects through municipal fiscal revenues (partly from land concession fees) and government-backed bank loans is not only inadequate to meet the demand, but also exacerbates deep-seated problems. In a variety of approaches that aim to alleviate the financing problems of local governments, Rail plus Property (R+P) development offers a promising solution.","2017-07-03","2025-10-16 19:01:41","2025-10-16 19:01:41","2025-10-16 19:01:41","","","","","","","Rail Plus Property Development in China","","","","","","","en","","","","","www.wri.org","","","","/home/aman/Zotero/storage/42XL2D7Q/Xue and Fang - 2017 - Rail Plus Property Development in China the Pilot Case of Shenzhen.pdf","","","","","","","","","","","","","","","","","","","","","","","","","","","","","","","","","","","","","","","","","","","","","","","","",""
"7DV4K6ER","journalArticle","2022","Xue, Lulu; Liu, Daizong","Decarbonizing China’s Road Transport Sector: Strategies Toward Carbon Neutrality","","","","","https://www.wri.org/research/decarbonizing-chinas-road-transport-sector-strategies-toward-carbon-neutrality","In the medium term, the peaking timeline for GHG emissions from China’s road transport sector would be during 2025-35 and that for petroleum demand would be during 2024-30 under all scenarios except Business as Usual. If the country’s stated policies are effectively implemented over time, China could peak road transport emissions before 2030 and petroleum consumption before 2027. The peaking timeline could be further advanced to 2025 for GHG emissions and 2024 for petroleum consumption by employing structural change measures.","2022-05-26","2025-10-16 19:01:39","2025-10-16 19:01:39","2025-10-16 19:01:39","","","","","","","Decarbonizing China’s Road Transport Sector","","","","","","","en","","","","","www.wri.org","","","","/home/aman/Zotero/storage/63UW8FP9/Xue and Liu - 2022 - Decarbonizing China’s Road Transport Sector Strategies Toward Carbon Neutrality.pdf","","","","","","","","","","","","","","","","","","","","","","","","","","","","","","","","","","","","","","","","","","","","","","","","",""
"LPIGZRXV","journalArticle","2021","Xue, Lulu; Xia, Junrong","Simulator to Quantify and Manage Electric Vehicle Load Impacts on Low-voltage Distribution Grids","","","","","https://www.wri.org/research/simulator-quantify-and-manage-electric-vehicle-load-impacts-low-voltage-distribution-grids","SynopsisThis technical notes details the methodology behind the Electric Vehicles on the Grid Simulator. This tool is intended to help individual building energy managers, facility owners, distribution service operators, charging point operators, and fleet operators. This model-based simulator enables users to evaluate the potential electric vehicle (EV) load impacts on the low-voltage distribution grid at specific sites and plan for future capacity upgrades.","2021-06-01","2025-10-16 19:01:35","2025-10-16 19:01:35","2025-10-16 19:01:35","","","","","","","","","","","","","","en","","","","","www.wri.org","","","","/home/aman/Zotero/storage/IYIERVY8/Xue and Xia - 2021 - Simulator to Quantify and Manage Electric Vehicle Load Impacts on Low-voltage Distribution Grids.pdf","","","","","","","","","","","","","","","","","","","","","","","","","","","","","","","","","","","","","","","","","","","","","","","","",""
"F55RG3ZK","journalArticle","2020","Xue, Lulu; Jian, Liu; Ying, Wang; Xiaoshi, Liu; Ying, Xiong","Action Plans and Policy Recommendations on Vehicle Grid Integration in China","","","","","https://www.wri.org/research/action-plans-and-policy-recommendations-vehicle-grid-integration-china","Harnessing PEVs’ load flexibility and storage capacity, PEVs can friendly integrate into the grid system, reducing grid capacity augmentation needs.","2020-01-06","2025-10-16 19:01:29","2025-10-16 19:01:29","2025-10-16 19:01:29","","","","","","","","","","","","","","en","","","","","www.wri.org","","","","/home/aman/Zotero/storage/SP6AXZH5/Xue et al. - 2020 - Action Plans and Policy Recommendations on Vehicle Grid Integration in China.pdf","","","","","","","","","","","","","","","","","","","","","","","","","","","","","","","","","","","","","","","","","","","","","","","","",""
"7C554NTS","journalArticle","2022","Xue, Lulu; Song, Su; Xi, Wenyi; Jiang, Xiaoqian; Iu, Lawrence; Sawhney, Simran","Decarbonizing Hong Kong’s Roads: Pathways Towards a Net-Zero Road Transport System","","","","","https://wri.org.cn/en/research/decarbonising-hong-kongs-roads","Decarbonizing road transport is important for realizing the city’s net-zero emission goal. This report focuses on the top road transport emitters—private cars, freight vehicles, and buses.","2022-09-30","2025-10-16 19:01:24","2025-10-16 19:01:24","2025-10-16 19:01:24","","","","","","","Decarbonizing Hong Kong’s Roads","","","","","","","en","","","","","www.wri.org","","","","/home/aman/Zotero/storage/SHEAYHNB/Xue et al. - 2022 - Decarbonizing Hong Kong’s Roads Pathways Towards a Net-Zero Road Transport System.pdf","","","","","","","","","","","","","","","","","","","","","","","","","","","","","","","","","","","","","","","","","","","","","","","","",""
"UAWTHMV6","journalArticle","2022","Xue, Lulu; Liu, Daizong","Toward Credible Transport Carbon Dioxide Emissions Accounting in China","","","","","https://wri.org.cn/en/study/Toward-Credible-Transport-CO2-Emissions-Accounting-in-China","To help unify the transport emissions accounting methodologies for China’s national and subnational governments and improve statistical data collection for credible transport emissions reporting, this study reviews the accounting methods and statistical data used globally and in China through a literature review and stakeholder interviews.","2022-12-23","2025-10-16 19:01:21","2025-10-16 19:01:21","2025-10-16 19:01:21","","","","","","","","","","","","","","en","","","","","www.wri.org","","","","/home/aman/Zotero/storage/2R24I7XB/Xue and Liu - 2022 - Toward Credible Transport Carbon Dioxide Emissions Accounting in China.pdf","","","","","","","","","","","","","","","","","","","","","","","","","","","","","","","","","","","","","","","","","","","","","","","","",""
"IXT6TWRH","journalArticle","2024","Chen, Ke; Xue, Lulu","Techno-Economic Feasibility Analysis of Zero-Emission Trucks in Urban and Regional Delivery Use Cases: A Case Study of Guangdong Province, China","","","","","https://www.wri.org/research/techno-economic-feasibility-analysis-zero-emission-trucks-urban-and-regional-delivery-use","This study took Guangdong as an example and assessed the techno-economic feasibility of zero-emission trucks (ZETs) from 2022 to 2030 across 14 use cases, considering operational feasibility, purchase cost gaps between ZETs and diesel trucks, and total cost of ownership parity years relative to diesel trucks.","2024-06-28","2025-10-16 19:01:11","2025-10-16 19:01:11","2025-10-16 19:01:11","","","","","","","Techno-Economic Feasibility Analysis of Zero-Emission Trucks in Urban and Regional Delivery Use Cases","","","","","","","en","","","","","www.wri.org","","","","/home/aman/Zotero/storage/38FVE4Q2/Chen and Xue - 2024 - Techno-Economic Feasibility Analysis of Zero-Emission Trucks in Urban and Regional Delivery Use Case.pdf","","","","","","","","","","","","","","","","","","","","","","","","","","","","","","","","","","","","","","","","","","","","","","","","",""
"BE7Z6KKQ","journalArticle","2019","薛露露; Jin, Yana; Yu, Rujie; Liu, Yong; Ren, Huanhuan","Toward Net Zero Emissions in the Road Transport Sector in China","","","","","https://wri.org.cn/en/research/toward-net-zero-emissions-road-transport-sector-china","The transport sector is second largest source of emissions in China, accounting for 9% of the country’s CO2 emissions. While CO2 emissions from the largest source, the power sector, have plateaued since 2017, the transport sector continues to grow steadily. According to a study carried out by the Energy Research Institute of the NDRC (2016), emissions from China’s transport sector will probably peak after 2035, five years later than China NDC’s target.","2019-01-11","2025-10-16 18:58:13","2025-10-16 18:58:13","2025-10-16 18:58:13","","","","","","","","","","","","","","en","","","","","wri.org.cn","","","","/home/aman/Zotero/storage/XS9HVBF2/薛露露 et al. - 2019 - Toward Net Zero Emissions in the Road Transport Sector in China.pdf","","","","","","","","","","","","","","","","","","","","","","","","","","","","","","","","","","","","","","","","","","","","","","","","",""
"XZ7BQ6BW","journalArticle","2021","Contreras, Seth; Dye, Tim; Marcelo, Audrei; Campos, Marco Siqueira; Albuquerque, Cristina; Tavares, Virginia; Jotz, Matheus","Medindo MP2,5 com Sensores de Baixo Custo","","","","","https://www.wribrasil.org.br/publicacoes/medindo-mp25-com-sensores-de-baixo-custo","Esta nota prática discute a metodologia usada, as lições aprendidas, as principais conclusões e as melhores práticas com base em um projeto-piloto com sensores de qualidade do ar de baixo custo. Esses instrumentos foram usados, ​nos modos fixo e móvel, para medir as concentrações de material particulado 2,5 (MP2,5) em alguns dias da Sexta Sem Carro de São Paulo. O uso desses sensores pode aprimorar tanto a rede de monitores da qualidade do ar existente nas cidades quanto a análise do impacto de iniciativas específicas.","2021-02-08","2025-10-16 18:57:08","2025-10-16 18:57:08","2025-10-16 18:57:08","","","","","","","","","","","","","","pt-br","","","","","www.wribrasil.org.br","","","","/home/aman/Zotero/storage/KI47H6HK/Contreras et al. - 2021 - Medindo MP2,5 com Sensores de Baixo Custo.pdf","","","","","","","","","","","","","","","","","","","","","","","","","","","","","","","","","","","","","","","","","","","","","","","","",""
"EKMEDSKS","journalArticle","2019","Xue, Lulu; Liu, Daizong; Wei, Wei; Liu, Peng","Overcoming The Operational Challenges Of Electric Buses: Lessons Learnt From China","","","","","https://wri.org.cn/en/research/overcoming-operational-challenges-electric-buses","Main Findings Buses has been at the forefront of vehicle electrification. The launch of “One Thousand Vehicles in Ten Cities” National Energy-efficient and New Energy Vehicles demonstration project in 2009 marked China’s national effort to promote electric buses. Since then, the number of electric buses (e-buses) in China has kept ratcheting up. In 2018, the nation’s e-buses have outnumbered diesel buses and natural-gas buses, becoming the largest bus fleet.","2019-01-10","2025-10-16 18:56:45","2025-10-16 18:56:45","2025-10-16 18:56:45","","","","","","","Overcoming The Operational Challenges Of Electric Buses","","","","","","","en","","","","","wri.org.cn","","","","/home/aman/Zotero/storage/EKG6DI8W/Xue et al. - 2019 - Overcoming The Operational Challenges Of Electric Buses Lessons Learnt From China.pdf","","","","","","","","","","","","","","","","","","","","","","","","","","","","","","","","","","","","","","","","","","","","","","","","",""
"T4X7PWXE","journalArticle","2021","Habtemariam, Liku Workalemahu; Gelaye, Fitsum; Du, Jillian; Mahendra, Anjali","Water Resilience in a Changing Urban Context: Africa's Challenge and Pathways for Action","","","","","https://www.wri.org/research/urban-water-resilience-africa","Cities in Africa face escalating water-related challenges, compounded by worsening climate change and rising urbanization. Water insecurity threatens economies, livelihoods and the health and wellbeing of billions. The answer: smart, systematic investments in urban water resilience that ensure communities have safe, reliable and affordable water; and that water resources are protected through disaster preparedness and water-sensitive infrastructure.","2021-07-19","2025-10-16 18:53:57","2025-10-16 18:53:57","2025-10-16 18:53:57","","","","","","","Water Resilience in a Changing Urban Context","","","","","","","en","","","","","www.wri.org","","","","/home/aman/Zotero/storage/AAK27E4L/Habtemariam et al. - 2021 - Water Resilience in a Changing Urban Context Africa's Challenge and Pathways for Action.pdf","","","","","","","","","","","","","","","","","","","","","","","","","","","","","","","","","","","","","","","","","","","","","","","","",""
"XYLGP7VS","journalArticle","2020","Li, Xiangyi; Gao, Jun; Song, Su","The Costs and Benefits Appraisal Tool for Transit Buses (Working Paper)","","","","","https://www.wri.org/research/costs-and-benefits-appraisal-tool-transit-buses","SynopsisThe Costs and Benefits Appraisal Tool for Transit Buses (“the Tool”) is an updated version of the Costs and Emissions Appraisal Tool for Transit Buses. It aims to inform bus operators and city officials of the costs, emissions, and social benefits associated with bus fleets using different fuel types. The Tool’s outputs can help bus operators make the most cost-efficient decisions when making a clean bus upgrade, allow transit agencies to validate information provided by bus operators, and inform city officials of the social benefits of a low-carbon transit fleet.","2020-10-11","2025-10-16 18:53:54","2025-10-16 18:53:54","2025-10-16 18:53:54","","","","","","","","","","","","","","en","","","","","www.wri.org","","","","/home/aman/Zotero/storage/TIK3G5NG/Li et al. - 2020 - The Costs and Benefits Appraisal Tool for Transit Buses (Working Paper).pdf","","","","","","","","","","","","","","","","","","","","","","","","","","","","","","","","","","","","","","","","","","","","","","","","",""
"YRW4C2SU","journalArticle","2021","Bonini, Ana Paula Hoppe; Turbay, André; Rosa, Ashiley Adelaide; Araújo, Betina; Frankl, Carla Choma; Redondo, Débora; Zampieri, Fábio Lúcio Lopes; Tavares, Fabrício; Balestro, Fernanda; Lima, Fernando Tadeu de Araújo; Lentino, Izabella; Torres, Jair Gustavo de Mello; Oliveira, Marcelo José Vieira; Valente, Marcelo; Lemos, Maria Fernanda; Santos, Paula Manoela dos; Rosa, Michelle da Silveira; Lima, Ronaldo; Rodrigues, Ronaldo; Santos, Paula Manoela dos; Samios, Ariadne; Batista, Bruno","Ruas Completas no Brasil","","","","","https://www.wribrasil.org.br/publicacoes/ruas-completas-no-brasil","Este relatório sistematiza o processo de implementação, os desafios, aprendizados e resultados de intervenções de ruas completas em oito cidades de diferentes regiões do Brasil. O documento mostra a aplicabilidade do conceito de ruas completas na realidade urbana brasileira para promover impactos positivos na qualidade de vida das pessoas.","2021-07-07","2025-10-16 18:53:44","2025-10-16 18:53:44","2025-10-16 18:53:44","","","","","","","","","","","","","","pt-br","","","","","www.wribrasil.org.br","","","","/home/aman/Zotero/storage/U9YHIXLK/Bonini et al. - 2021 - Ruas Completas no Brasil.pdf","","","","","","","","","","","","","","","","","","","","","","","","","","","","","","","","","","","","","","","","","","","","","","","","",""
"64C3LQZJ","journalArticle","2022","Goswami, Sahana; Basak, Samrat; Malik, Aakash; Palanichamy, Raj Bhagat","Urban Blue-Green Conundrum: A 10-City Study on the Impacts of Urbanization on Natural Infrastructure in India","","","","","https://www.wri.org/research/urban-blue-green-conundrum-10-city-study-impacts-urbanization-natural-infrastructure-india","This working paper seeks to expand our knowledge of urbanization and its impacts on the surrounding natural landscapes in India. We study the urbanized region of India’s 10 most populated cities to examine the relationship between urban (built-up) expansion and changes in blue-green infrastructure such as surface waters, green cover, and recharge zones.","2022-12-19","2025-10-16 18:53:42","2025-10-16 18:53:42","2025-10-16 18:53:42","","","","","","","Urban Blue-Green Conundrum","","","","","","","en","","","","","www.wri.org","","","","/home/aman/Zotero/storage/CQH46DEP/Goswami et al. - 2022 - Urban Blue-Green Conundrum A 10-City Study on the Impacts of Urbanization on Natural Infrastructure.pdf","","","","","","","","","","","","","","","","","","","","","","","","","","","","","","","","","","","","","","","","","","","","","","","","",""
"3479RLPI","journalArticle","2020","Li, Wei; 蒋慧; 陈仲; 周乐; Lua, Kim Beng","Design Manual on Safe Access to Public Transportation in China","","","","","https://wri.org.cn/en/research/design-manual-safe-access-public-transportation-china","The Design Manual on Safe Access to Public Transportation in China is based on the safe systems approach, which holds that users and designers of road traffic systems should share responsibility for traffic safety, and that streets should create a tolerant environment that minimize the frequency and severity of traffic crashes. With the support of Bloomberg Philanthropies, the World Resource Institute (WRI) and the China Academy of Urban Planning and Design studied the issue of safe access to public transport stations in the context of rapid development of public transport in China.","2020-01-05","2025-10-15 19:47:20","2025-10-15 20:29:05","2025-10-15 19:47:20","","","","","","","","","","","","","","en","","","","","wri.org.cn","","","","/home/aman/Zotero/storage/WR76W96L/Li et al. - 2020 - Design Manual on Safe Access to Public Transportation in China.pdf","","","","","","","","","","","","","","","","","","","","","","","","","","","","","","","","","","","","","","","","","","","","","","","","",""
"TEF7RRD8","journalArticle","2017","King, Robin; Orloff, Mariana; Virsilas, Terra; Pande, Tejas","Confronting the Urban Housing Crisis in the Global South: Adequate, Secure, and Affordable Housing","","","","","https://www.wri.org/research/confronting-urban-housing-crisis-global-south-adequate-secure-and-affordable-housing","SynopsisWell-located, secure and affordable housing is lacking in many cities and is only projected to get worse – it is estimated that 1.6 billion people will lack adequate housing by 2025. Good housing is fundamental to physical and financial security, economic productivity, healthy communities, and human well-being. Addressing the affordable housing gap should be a priority for cities, as it offers the trifold benefits of improved economic productivity, environmental sustainability and equity for cities.","2017-12-07","2025-10-14 18:57:15","2025-10-15 20:29:03","2025-10-15 19:36:17","","","","","","","Confronting the Urban Housing Crisis in the Global South","","","","","","","en","","","","","www.wri.org","","","","/home/aman/Zotero/storage/TBG75P3Z/King et al. - 2017 - Confronting the Urban Housing Crisis in the Global.pdf; /home/aman/Zotero/storage/E9QQZUBK/confronting-urban-housing-crisis.html; /home/aman/Zotero/storage/MBQQKPBH/towards-more-equal-city-confronting-urban-housing-crisis-global-south.pdf","","Thematic Working Papers","","","","","","","","","","","","","","","","","","","","","","","","","","","","","","","","","","","","","","","","","","","","","","",""
"NWK2JWJ9","journalArticle","2020","Mahendra, Anjali; King, Robin; Gray, Erin; Hart, Maria; Azeredo, Laura; Betti, Luana; Prakash, Surya; Deb, Amartya; Ashebir, Elleni; Ibrahim, Asmaa","Urban Land Value Capture in São Paulo, Addis Ababa, and Hyderabad: Differing Interpretations, Equity Impacts, and Enabling Conditions","","","","","https://www.wri.org/research/urban-land-value-capture-sao-paulo-addis-ababa-and-hyderabad-differing-interpretations","SynopsisThis paper presents analysis of the fiscal and equity impacts of urban land value capture instruments based on three case studies from the global south. These include the Lideta redevelopment in Addis Ababa, Ethiopia; the Outer Ring Road in Hyderabad, India; and Água Espraiada Urban Operation in São Paulo, Brazil. It combines desk research with interviews of local key informants with deep knowledge of the policy and market dynamics in the three cities and representing different perspectives.","2020-12-17","2025-10-15 20:05:45","2025-10-15 20:05:45","2025-10-15 20:05:45","","","","","","","Urban Land Value Capture in São Paulo, Addis Ababa, and Hyderabad","","","","","","","en","","","","","www.wri.org","","","","/home/aman/Zotero/storage/9UFGSZ65/Mahendra et al. - 2020 - Urban Land Value Capture in São Paulo, Addis Ababa, and Hyderabad Differing Interpretations, Equity.pdf","","","","","","","","","","","","","","","","","","","","","","","","","","","","","","","","","","","","","","","","","","","","","","","","",""
"IYKUAI8Z","journalArticle","2020","Jiang, Hui; Song, Su; Zou, Xuan; Lu, Lu","How Dockless Bike Sharing Changes Lives: An Analysis of Chinese Cities","","","","","https://www.wri.org/research/how-dockless-bike-sharing-changes-lives-analysis-chinese-cities","SynopsisDockless bike-share systems have experienced unprecedented growth in China since 2016. This report investigated the comprehensive nationwide impact of dockless systems in 12 Chinese cities with relatively high bike-share usage and a thriving bike-share economy: Shanghai, Beijing, Guangzhou, Shenzhen, Chengdu, Wuhan, Hangzhou, Nanjing, Xi’an, Jinan, Xiamen and Lanzhou.","2020-09-24","2025-10-15 20:05:30","2025-10-15 20:05:30","2025-10-15 20:05:30","","","","","","","How Dockless Bike Sharing Changes Lives","","","","","","","en","","","","","www.wri.org","","","","/home/aman/Zotero/storage/DC8U4BPA/Jiang et al. - 2020 - How Dockless Bike Sharing Changes Lives An Analysis of Chinese Cities.pdf","","","","","","","","","","","","","","","","","","","","","","","","","","","","","","","","","","","","","","","","","","","","","","","","",""
"6CDRQJQS","book","2019","Li, Xiangyi; Gorguinpour, Camron; Sclar, Ryan; Castellanos, Sebastian","How to Enable Electric Bus Adoption in Cities Worldwide","","978-1-56973-959-4","","","https://www.wri.org/research/how-enable-electric-bus-adoption-cities-worldwide","SynopsisElectric buses could pioneer a new age of clean and efficient urban transport and put cities on track towards sustainability. However, electric bus adoption is not accelerating fast enough for the world to meet transport-related global climate objectives and help limit global temperature rise to below 2 degrees Celsius.","2019-05-21","2025-10-15 20:05:00","2025-10-15 20:05:00","2025-10-15 20:05:00","","","","","","","","","","","","","","en","","","","","www.wri.org","","","","/home/aman/Zotero/storage/BT7WQL7Y/Li et al. - 2019 - How to Enable Electric Bus Adoption in Cities Worldwide.pdf","","","","","","","","","","","","","","","","","","","","","","","","","","","","","","","","","","","","","","","","","","","","","","","","",""
"ZFLQ2JCK","book","2019","Sclar, Ryan; Gorguinpour, Camron; Castellanos, Sebastian; Li, Xiangyi","Barriers to Adopting Electric Buses","","978-1-56973-960-0","","","https://www.wri.org/research/barriers-adopting-electric-buses","SynopsisElectric buses, which have zero tailpipe emissions, hold the potential to provide outsized air quality and climate benefits. Faster adoption of cleaner buses is an important part of the bigger climate solution, helping put cities on track towards sustainability. Despite the promise of electric buses, however, their adoption has been uneven and varied in scale. Implementation has not accelerated fast enough for the world to meet transport-related climate objectives.","2019-05-21","2025-10-15 20:04:54","2025-10-15 20:04:54","2025-10-15 20:04:54","","","","","","","","","","","","","","en","","","","","www.wri.org","","","","/home/aman/Zotero/storage/Q7KYCEGI/Sclar et al. - 2019 - Barriers to Adopting Electric Buses.pdf","","","","","","","","","","","","","","","","","","","","","","","","","","","","","","","","","","","","","","","","","","","","","","","","",""
"ZZ9ZLSA8","book","2020","Chadha, Jyot; Shetty, Ojas; Shastry, Srikanth","Understanding the Impact of Bus Aggregators on Urban Mobility in India’s National Capital Region","","978-1-56973-933-4","","","https://www.wri.org/research/understanding-impact-bus-aggregators-urban-mobility-indias-national-capital-region","SynopsisDemand-responsive bus services provided by technology-led companies are a recent entry into the transportation ecosystem in cities across the world. Known as bus aggregators in India, these companies are capitalizing on limited mobility options in India’s expanding cities. Bus aggregators operate on routes where commuters have few public transportation options and poor last-mile connectivity. They largely cater to commuters who live in residential hubs that are a significant distance (usually greater than 30 kilometers each way) from where they work.","2020-07-02","2025-10-15 20:01:28","2025-10-15 20:01:28","2025-10-15 20:01:28","","","","","","","","","","","","","","en","","","","","www.wri.org","","","","/home/aman/Zotero/storage/HQJM58SP/Chadha et al. - 2020 - Understanding the Impact of Bus Aggregators on Urban Mobility in India’s National Capital Region.pdf","","","","","","","","","","","","","","","","","","","","","","","","","","","","","","","","","","","","","","","","","","","","","","","","",""
"Q24L6TED","journalArticle","2023","Khan, Azra; Bhatt, Amit; Bhatt, Sarika Panda; Jain, Advait","Public Bicycle Sharing in India: Lessons Learned from Implementation in Three Cities","","","","","https://www.wri.org/research/public-bicycle-sharing-india-lessons-learned-implementation-three-cities","Close to 2,000 PBS systems are operational around the world, providing flexible mobility as users can pick up and drop off bicycles at any location in the network.","2023-07-17","2025-10-15 20:00:26","2025-10-15 20:00:26","2025-10-15 20:00:26","","","","","","","Public Bicycle Sharing in India","","","","","","","en","","","","","www.wri.org","","","","/home/aman/Zotero/storage/HRFK4D7M/Khan et al. - 2023 - Public Bicycle Sharing in India Lessons Learned from Implementation in Three Cities.pdf","","","","","","","","","","","","","","","","","","","","","","","","","","","","","","","","","","","","","","","","","","","","","","","","",""
"QPPZBAYH","journalArticle","2023","Chanchani, Radha; Dhindaw, Jaya; King, Robin; Pai, Madhav","Our Journey with the City: Deciphering WRI India Ross Center’s Influence in Bengaluru","","","","","https://www.wri.org/research/our-journey-city-deciphering-wri-india-ross-centers-influence-bengaluru","WRI India Ross Center for Sustainable Cities (previously EMBARQ India) has maintained a presence in Bengaluru since 2010. It has served as a key change agent for sustainable development, starting with mobility and moving more broadly to urban development, related services such as energy and water, and climate resilience. WRI India Ross Center’s long-term engagement across multiple sectors and scales makes Bengaluru one of its “deep dive” cities.","2023-10-07","2025-10-15 19:59:38","2025-10-15 19:59:38","2025-10-15 19:59:38","","","","","","","Our Journey with the City","","","","","","","en","","","","","www.wri.org","","","","/home/aman/Zotero/storage/ZI8LWGVS/Chanchani et al. - 2023 - Our Journey with the City Deciphering WRI India Ross Center’s Influence in Bengaluru.pdf","","","","","","","","","","","","","","","","","","","","","","","","","","","","","","","","","","","","","","","","","","","","","","","","",""
"ZIS4ZBFG","journalArticle","2019","Li, Wei; Liu, Daizong; Yang, Lvye; Chen, Yong; Zhang, Zhaoxi; Quan, Mengqi; Zhong, Hongmei; Hu, Xiaowei; Ma, Yanli; Yuan, Xuyang; Li, Yining; Wang, Zhuyun; Wu, Youqi; Qing, Yanjing","Zhuzhou Complete Street Design Manual","","","","","https://wri.org.cn/en/research/zhuzhou-complete-street-design-manual","Streets are at the center of urban life. Streets consist of a small fraction of urban spaces, but they play a vital role to facilitate urban mobility, social interactions, and economic vibrancy. Although in China, the concept of “complete street” has been adopted in a few Chinese cities, it has yet been mainstreamed in small- and medium-sized Chinese cities. Given the unique spatial characteristics of these small Chinese cities, designing complete streets requires contextualizes solutions.","2019-01-07","2025-10-15 19:50:54","2025-10-15 19:58:37","2025-10-15 19:50:54","","","","","","","","","","","","","","en","","","","","wri.org.cn","","","","/home/aman/Zotero/storage/CRBYRKJ5/Li et al. - 2019 - Zhuzhou Complete Street Design Manual.pdf","","","","","","","","","","","","","","","","","","","","","","","","","","","","","","","","","","","","","","","","","","","","","","","","",""
"VGTSPJPX","report","","Moscoso, Marina; López, José Segundo; Montoya Robledo, Valentina; Quiñones Sánchez, Lina Marcela; Gómez, Laura Daniela; Lleras, Natalia; Adriazola-Steil, Claudia; Vega, Juliana","Las Mujeres y el transporte en Bogotá: las cuentas","","","","","https://despacio.org/portfolio/las-mujeres-y-el-transporte-en-bogota-las-cuentas/","","","2025-10-15 19:54:06","2025-10-15 19:58:11","2025-10-15 19:54:06","","","","","","","Las Mujeres y el transporte en Bogotá","","","","","","","es","","","","","","","","","/home/aman/Zotero/storage/NEI7DWYA/Moscoso et al. - Las Mujeres y el transporte en Bogotá las cuentas.pdf","","","","","","","","","","","","","","","","","","","","","","","","","","","","","","","","","","","","","","","","","","","","","","","","",""
"4MKPLK5R","journalArticle","2021","Sharpin, Anna Bray; Adriazola-Steil, Claudia; Job, Soames; Obelheiro, Marta; Welle, Ben; Imamoglu, Celal Tolga; Bhatt, Amit; Liu, Daizong; Lleras, Natalia; Luke, Nikita","Low-Speed Zone Guide","","","","","https://www.wri.org/research/low-speed-zone-guide","Deaths and serious injuries are the painful and highly visible result of a lack of road safety, but more has been lost to high car speeds than we realize. One solution to this growing problem is Low-Speed Zones. This Low-Speed Zone Guide presents strategies for planning, designing, building, and evaluating low-speed zones in cities. The guide intends to equip communities and decision-makers with the tools to implement low-speed zones that will suit their specific context.","2021-05-14","2025-10-15 19:48:50","2025-10-15 19:48:50","2025-10-15 19:48:50","","","","","","","","","","","","","","en","","","","","www.wri.org","","","","/home/aman/Zotero/storage/YM98SEWW/Sharpin et al. - 2021 - Low-Speed Zone Guide.pdf","","","","","","","","","","","","","","","","","","","","","","","","","","","","","","","","","","","","","","","","","","","","","","","","",""
"P99MVFAV","journalArticle","2019","Moon, Christopher; Maassen, Anne; Li, Xiangyi; Castellanos, Sebastian","Financing Electric and Hybrid-Electric Buses","","","","","https://www.wri.org/research/financing-electric-and-hybrid-electric-buses","SynopsisAs electric and hybrid-electric buses gradually become a reality worldwide, achieving a better understanding of the mechanisms supporting investments in these new technologies as well as their assets is more important than ever. The global electric bus fleet grew about 32 percent in 2018, and it represents the fastest-growing part of the electric vehicle market.","2019-02-10","2025-10-15 19:48:16","2025-10-15 19:48:16","2025-10-15 19:48:16","","","","","","","","","","","","","","en","","","","","www.wri.org","","","","/home/aman/Zotero/storage/YYG82IUS/Moon et al. - 2019 - Financing Electric and Hybrid-Electric Buses.pdf","","","","","","","","","","","","","","","","","","","","","","","","","","","","","","","","","","","","","","","","","","","","","","","","",""
"AVAUCSKK","journalArticle","2019","Moon, Christopher; Sharpin, Anna Bray; Lanza, Iván De La; Khan, Azra; Re, Luca Lo; Maassen, Anne","The Evolution of Bike Sharing: 10 Questions on the Emergence of New Technologies, Opportunities, and Risks","","","","","https://www.wri.org/research/evolution-bike-sharing","SynopsisThis working paper seeks to provide decision makers at the city level a series of frequently asked questions and responses in order to assess the adoption and implementation of bike sharing. It is not designed to be a comprehensive guide to bike-sharing implementation, nor is it meant to provide prescriptive recommendations; rather, it offers questions and answers objectively in order to assist city officials to navigate through the recent developments and innovations of new and improved technologies, data, and business models relating to bike sharing.","2019-01-14","2025-10-15 19:46:33","2025-10-15 19:46:33","2025-10-15 19:46:33","","","","","","","The Evolution of Bike Sharing","","","","","","","en","","","","","www.wri.org","","","","/home/aman/Zotero/storage/2PDKUFEB/Moon et al. - 2019 - The Evolution of Bike Sharing 10 Questions on the Emergence of New Technologies, Opportunities, and.pdf","","","","","","","","","","","","","","","","","","","","","","","","","","","","","","","","","","","","","","","","","","","","","","","","",""
"DBICJYQG","book","2018","Rangwala, Lubaina; Burke, Lauretta; Wihanesta, Retno; Elias-Trostmann, Katerina; Chandra, Mandakini","Prepared Communities","","978-1-56973-954-9","","","https://www.wri.org/research/prepared-communities","SynopsisClimate change affects poor and marginalized communities first and hardest. Particularly in cities, a lack of access to basic services, a long history of unsustainable urban development, and political exclusion render the urban poor one of the most vulnerable groups to climate induced natural hazards and disasters. Yet strategies focused on reducing these people’s vulnerability to climate change often overlook crucial differences in their needs and situations.","2018-12-17","2025-10-15 19:45:28","2025-10-15 19:45:28","2025-10-15 19:45:28","","","","","","","","","","","","","","en","","","","","www.wri.org","","","","/home/aman/Zotero/storage/WDD9XLKY/Rangwala et al. - 2018 - Prepared Communities.pdf","","","","","","","","","","","","","","","","","","","","","","","","","","","","","","","","","","","","","","","","","","","","","","","","",""
"IMWXS2EG","journalArticle","2020","Tun, Thet Hein; Welle, Benjamin; Hidalgo, Darío; Albuquerque, Cristina; Castellanos, Sebastián; Sclar, Ryan; Escalante, David","Informal and Semiformal Services in Latin America: An Overview of Public Transportation Reforms","IDB Publications","","","10.18235/0002831","https://publications.iadb.org/en/informal-and-semiformal-services-latin-america-overview-public-transportation-reforms","The paper examines the integral role of semi-formal and informal transport services as viable and legitimate public transport options in Latin America. While the region is well-known as the “cradle of bus rapid transit,” the prevalence of semi-formal transport is often overlooked or scrutinized in a negative light. Based on the authors decades of experience as practitioners, using extensive literature review and six case studies, we critically analyze the advantages and disadvantages of bus reforms and alternative approaches such as mapping and use of technology.","2020-11-10","2025-10-15 19:43:24","2025-10-15 19:43:24","2025-10-15 19:43:24","","","","","","","Informal and Semiformal Services in Latin America","","","","","","","English","","","","Brazil","publications.iadb.org","","Publisher: Inter-American Development Bank","","/home/aman/Zotero/storage/87LEM6HF/Tun et al. - 2020 - Informal and Semiformal Services in Latin America An Overview of Public Transportation Reforms.pdf","","","","","","","","","","","","","","","","","","","","","","","","","","","","","","","","","","","","","","","","","","","","","","","","",""
"7G63FKMQ","journalArticle","2019","Cooper, Erin; Kenney, Erin; Velásquez, Juan Miguel; Li, Xiangyi; Tun, Thet Hein","Costs and Emissions Appraisal Tool for Transit Buses (Technical Note)","","","","","https://www.wri.org/research/costs-and-emissions-appraisal-tool-transit-buses","SynopsisThe Costs and Emissions Appraisal Tool for Transit Buses (“the Tool”) is intended to help bus operators and transit agencies make informed decisions about alternative bus types during the preliminary analysis phase and to help them determine whether the transition to a “clean fleet” is financially viable and worthwhile based on expected emissions reductions.","2019-03-25","2025-10-15 19:41:48","2025-10-15 19:41:48","2025-10-15 19:41:48","","","","","","","","","","","","","","en","","","","","www.wri.org","","","","/home/aman/Zotero/storage/4JZ24YIB/Cooper et al. - 2019 - Costs and Emissions Appraisal Tool for Transit Buses (Technical Note).pdf","","","","","","","","","","","","","","","","","","","","","","","","","","","","","","","","","","","","","","","","","","","","","","","","",""
"E6IFEUH3","journalArticle","2021","Mahendra, Anjali; King, Robin; Du, Jillian; Dasgupta, Aniruddha; Beard, Victoria A.; Kallergis, Achilles; Schalch, Kathleen","Seven Transformations for More Equitable and Sustainable Cities","","","","","https://www.wri.org/research/7-transformations-more-equitable-sustainable-cities","Urbanization is happening differently today than in the past and occurring most rapidly in places with the fewest resources. Traditional approaches are not able to keep up, leaving billions of people with poor access to basic necessities, dragging down economies and damaging the environment.This synthesis report of the Towards a More Equal City series proposes a new way of thinking about urban development, where the metrics for a functional and thriving city are defined by the quality, reliability and affordability of essential services.","2021-10-19","2025-10-15 19:39:45","2025-10-15 19:39:45","2025-10-15 19:39:45","","","","","","","","","","","","","","en","","","","","www.wri.org","","","","/home/aman/Zotero/storage/F8NANJ9Y/Mahendra et al. - 2021 - Seven Transformations for More Equitable and Sustainable Cities.pdf","","","","","","","","","","","","","","","","","","","","","","","","","","","","","","","","","","","","","","","","","","","","","","","","",""
"M9C96HUU","journalArticle","2019","Venter, Christo; Mahendra, Anjali; Hidalgo, Dario","From Mobility to Access for All: Expanding Urban Transportation Choices in the Global South","","","","","https://www.wri.org/research/mobility-access-all-expanding-urban-transportation-choices-global-south","SynopsisMany cities are experiencing a decline in access to jobs, services and people due to a confluence of two trends: rapid urbanization and motorization. Lack of access afflicts both low-income communities scattered throughout the city and low- to medium-income people living in suburbs and peripheral settlements who use private cars and motorcycles on long, congested commutes. We define these groups as underserved – those who face restricted access to opportunities because of poor location or poor transport choices.","2019-05-14","2025-10-15 19:36:16","2025-10-15 19:38:28","2025-10-15 19:36:16","","","","","","","From Mobility to Access for All","","","","","","","en","","","","","www.wri.org","","","","/home/aman/Zotero/storage/FVQ9JVE5/Venter et al. - 2019 - From Mobility to Access for All Expanding Urban Transportation Choices in the Global South.pdf","","Thematic Working Papers","","","","","","","","","","","","","","","","","","","","","","","","","","","","","","","","","","","","","","","","","","","","","","",""
"BXT25262","journalArticle","2017","Westphal, Michael I.; Zhou, Lihuan; Satterthwaite, David; Martin, Sarah","Powering Cities in the Global South","","","","","https://www.wri.org/research/powering-cities-global-south-how-energy-access-all-benefits-economy-and-environment","SynopsisMillions of residents in some of the fastest growing cities in the world don’t have access to clean, reliable energy, and the challenge of reaching them is not getting easier. In 2012, only 58 percent of the urban population had access to electricity in low-income countries, and nearly 500 million urban residents worldwide used dirty and harmful cooking fuels like charcoal and wood.","2017-07-09","2025-10-15 19:36:19","2025-10-15 19:38:16","2025-10-15 19:36:19","","","","","","","","","","","","","","en","","","","","www.wri.org","","","","/home/aman/Zotero/storage/YWHGP38S/Westphal et al. - 2017 - Powering Cities in the Global South.pdf","","Thematic Working Papers","","","","","","","","","","","","","","","","","","","","","","","","","","","","","","","","","","","","","","","","","","","","","","",""
"JAVYAUN7","journalArticle","2019","Mitlin, Diana; Beard, Victoria A.; Satterthwaite, David; Du, Jillian","Unaffordable and Undrinkable: Rethinking Urban Water Access in the Global South","","","","","https://www.wri.org/research/unaffordable-and-undrinkable-rethinking-urban-water-access-global-south","SynopsisIn 2015, UNICEF and the World Health Organization reported that over 90% of the world’s population used improved drinking water sources. But new research suggests the indicators used by UNICEF/WHO grossly overestimated the state of water access, especially in cities of the global south. Analysis of 15 cities shows that vast segments of the urban population in the global south lack access to safe, reliable and affordable water. On average, almost half of all households in the studied cities lacked still lack access to piped utility water.","2019-08-13","2025-10-15 19:36:14","2025-10-15 19:37:50","2025-10-15 19:36:14","","","","","","","Unaffordable and Undrinkable","","","","","","","en","","","","","www.wri.org","","","","/home/aman/Zotero/storage/3EK4HDHN/Mitlin et al. - 2019 - Unaffordable and Undrinkable Rethinking Urban Water Access in the Global South.pdf","","Thematic Working Papers","","","","","","","","","","","","","","","","","","","","","","","","","","","","","","","","","","","","","","","","","","","","","","",""
"4YKUKIYK","journalArticle","2019","Satterthwaite, David; Beard, Victoria A.; Mitlin, Diana; Du, Jillian","Untreated and Unsafe: Solving the Urban Sanitation Crisis in the Global South","","","","","https://www.wri.org/research/untreated-and-unsafe-solving-urban-sanitation-crisis-global-south","SynopsisCities must ensure universal access to safe, reliable and affordable sanitation so that all urban residents can lead productive, healthy and thriving lives. Globally, the number of urban residents who lack safely managed sanitation has increased from 1.9 billion in 2000 to 2.3 billion in 2015, costing $223 billion a year in health costs and lost productivity and wages. When households cannot afford safe sanitation services, they often resort to unsafe practices, putting the entire city at risk.","2019-12-18","2025-10-15 19:36:06","2025-10-15 19:37:40","2025-10-15 19:36:06","","","","","","","Untreated and Unsafe","","","","","","","en","","","","","www.wri.org","","","","/home/aman/Zotero/storage/N7PDJRE8/Satterthwaite et al. - 2019 - Untreated and Unsafe Solving the Urban Sanitation Crisis in the Global South.pdf","","Thematic Working Papers","","","","","","","","","","","","","","","","","","","","","","","","","","","","","","","","","","","","","","","","","","","","","","",""
"HM9NBNKK","journalArticle","2019","Mahendra, Anjali; Seto, Karen C.","Upward and Outward Growth: Managing Urban Expansion for More Equitable Cities in the Global South","","","","","https://www.wri.org/research/upward-and-outward-growth-managing-urban-expansion-more-equitable-cities-global-south","This paper highlights strategies cities can take to manage urban growth in a way that ensures more equal and productive cities.","2019-01-31","2025-10-15 19:36:22","2025-10-15 19:37:35","2025-10-15 19:36:22","","","","","","","Upward and Outward Growth","","","","","","","en","","","","","www.wri.org","","","","/home/aman/Zotero/storage/ST9RHX53/Mahendra and Seto - 2019 - Upward and Outward Growth Managing Urban Expansion for More Equitable Cities in the Global South.pdf","","Thematic Working Papers","","","","","","","","","","","","","","","","","","","","","","","","","","","","","","","","","","","","","","","","","","","","","","",""
"KCCXFM5J","journalArticle","2016","Beard, Victoria A.; Mahendra, Anjali; Westphal, Michael I.","Towards a More Equal City: Framing the Challenges and Opportunities","","","","","https://www.wri.org/research/towards-more-equal-city-framing-challenges-and-opportunities","SynopsisCities are growing differently today than before. As much as 70 percent of people in emerging cities in Asia, Africa and Latin America are under-served. Furthermore, cities face challenges in four areas:","2016-10-13","2025-10-15 19:36:46","2025-10-15 19:36:46","2025-10-15 19:36:46","","","","","","","Towards a More Equal City","","","","","","","en","","","","","www.wri.org","","","","/home/aman/Zotero/storage/UIRJ3DS4/Beard et al. - 2016 - Towards a More Equal City Framing the Challenges and Opportunities.pdf","","","","","","","","","","","","","","","","","","","","","","","","","","","","","","","","","","","","","","","","","","","","","","","","",""
"DQ7RJ5GX","journalArticle","2019","Das, Ashok; King, Robin","Surabaya: The Legacy of Participatory Upgrading of Informal Settlements","","","","","https://www.wri.org/research/surabaya-legacy-participatory-upgrading-informal-settlements","SynopsisThis case study in the World Resources Report (WRR), Towards a More Equal City, describes the history of Surabaya, Indonesia’s inclusive housing policy and how the Kampung Improvement Program (KIP) became a model for in situ slum upgrading efforts both nationwide and internationally. KIPs put residents at the heart of upgrading work and brought basic infrastructure and services to traditional urban neighborhoods called kampung.","2019-11-13","2025-10-15 19:34:09","2025-10-15 19:35:16","2025-10-15 19:34:09","","","","","","","Surabaya","","","","","","","en","","","","","www.wri.org","","","","/home/aman/Zotero/storage/RSNJS724/Das and King - 2019 - Surabaya The Legacy of Participatory Upgrading of Informal Settlements.pdf","","Case study","","","","","","","","","","","","","","","","","","","","","","","","","","","","","","","","","","","","","","","","","","","","","","",""
"8GCZQBGA","journalArticle","2018","Kamath, Lalitha; King, Robin; Burte, Himanshu; Madhale, Avinash","Pune: Civil Society Coalitions, Policy Contradictions, and Unsteady Transformation","","","","","https://www.wri.org/research/pune-civil-society-coalitions-policy-contradictions-and-unsteady-transformation","SynopsisThis case study in the World Resources Report, “Towards a More Equal City,” examines the processes of transformative change and the conditions both enabling and inhibiting it in Pune, the second largest city in Maharashtra state, India. Many initiatives across diverse sectors have had a positive, qualitative impact on sustainability and service provision in Pune, particularly in its solid waste and transport sectors between the 1990s and the present.","2018-08-16","2025-10-15 19:33:52","2025-10-15 19:35:09","2025-10-15 19:33:52","","","","","","","Pune","","","","","","","en","","","","","www.wri.org","","","","/home/aman/Zotero/storage/G5AA6QBS/Kamath et al. - 2018 - Pune Civil Society Coalitions, Policy Contradictions, and Unsteady Transformation.pdf","","Case study","","","","","","","","","","","","","","","","","","","","","","","","","","","","","","","","","","","","","","","","","","","","","","",""
"C8NLLSQT","journalArticle","2018","Abers, Rebecca; King, Robin; Votto, Daniely; Brandão, Igor","Porto Alegre: Participatory Budgeting and the Challenge of Sustaining Transformative Change","","","","","https://www.wri.org/research/porto-alegre-participatory-budgeting-and-challenge-sustaining-transformative-change","SynopsisThis case study in the World Resources Report, ""Towards a More Equal City,"" examines transformative urban change in Porto Alegre, Brazil, through the lens of participatory budgeting. The research focuses on whether and how transformative change has taken place in the city between 1990 and the present.","2018-06-13","2025-10-15 19:33:55","2025-10-15 19:35:05","2025-10-15 19:33:55","","","","","","","Porto Alegre","","","","","","","en","","","","","www.wri.org","","","","/home/aman/Zotero/storage/35YMHKK8/Abers et al. - 2018 - Porto Alegre Participatory Budgeting and the Challenge of Sustaining Transformative Change.pdf","","Case study","","","","","","","","","","","","","","","","","","","","","","","","","","","","","","","","","","","","","","","","","","","","","","",""
"H36ZA4NE","journalArticle","2018","Lwasa, Shuaib; Owens, Kate","Kampala: Rebuilding Public Sector Legitimacy with A New Approach to Sanitation Services","","","","","https://www.wri.org/research/kampala-rebuilding-public-sector-legitimacy-new-approach-sanitation-services","SynopsisThis case study in the World Resources Report, “Towards a More Equal City,” examines transformative urban change in Kampala, Uganda, by following its sanitation reforms. The research follows the political process that created favorable conditions for the implementation of innovative solutions to sanitation service provision. This paper also reviews the evidence on whether the sanitation reform triggered a transformative change with equitable outcomes in the city of Kampala overall.","2018-10-31","2025-10-15 19:33:59","2025-10-15 19:35:01","2025-10-15 19:33:59","","","","","","","Kampala","","","","","","","en","","","","","www.wri.org","","","","/home/aman/Zotero/storage/S6HQDI54/Lwasa and Owens - 2018 - Kampala Rebuilding Public Sector Legitimacy with A New Approach to Sanitation Services.pdf","","Case study","","","","","","","","","","","","","","","","","","","","","","","","","","","","","","","","","","","","","","","","","","","","","","",""
"2DZWSQR5","journalArticle","2018","Pieterse, Edgar; Owens, Kate","Johannesburg: Confronting Spatial Inequality","","","","","https://www.wri.org/research/johannesburg-confronting-spatial-inequality","SynopsisThis case study in the World Resources Report, “Towards a More Equal City,” examines transformative urban change in Johannesburg, South Africa, through transit-oriented development (TOD). The paper reviews the evidence on whether Johannesburg’s TOD strategy has helped reduce spatial inequality in the city—and if so, how.","2018-12-18","2025-10-15 19:34:03","2025-10-15 19:34:52","2025-10-15 19:34:03","","","","","","","Johannesburg","","","","","","","en","","","","","www.wri.org","","","","/home/aman/Zotero/storage/GVMWSTDB/Pieterse and Owens - 2018 - Johannesburg Confronting Spatial Inequality.pdf","","Case study","","","","","","","","","","","","","","","","","","","","","","","","","","","","","","","","","","","","","","","","","","","","","","",""
"MAVV4VAX","journalArticle","2019","Sarmiento, Carolina S.; Alveano, Saúl; King, Robin","Guadalajara: Revisiting Public Space Interventions through the Via RecreActiva","","","","","https://www.wri.org/research/guadalajara-revisiting-public-space-interventions-through-recreactiva","SynopsisThis case study in the World Resources Report, “Towards a More Equal City,” tells the story of the Via RecreActiva – a ciclovía, or bike path, in the city of Guadalajara, Mexico. More than 60 kilometers of streets are closed every Sunday for this event, drawing more than 220,000 people. The Via RecreActiva exemplifies how a public space intervention can alter the social and political fabric of a city, sparking broader transformative change to public space use and inclusive governance.","2019-03-26","2025-10-15 19:34:06","2025-10-15 19:34:45","2025-10-15 19:34:06","","","","","","","Guadalajara","","","","","","","en","","","","","www.wri.org","","","","/home/aman/Zotero/storage/Q7HBDLRK/Sarmiento et al. - 2019 - Guadalajara Revisiting Public Space Interventions through the Via RecreActiva.pdf","","Case study","","","","","","","","","","","","","","","","","","","","","","","","","","","","","","","","","","","","","","","","","","","","","","",""
"IU9PIV5U","journalArticle","2018","Mahadevia, Darshini; Pai, Madhav; Mahendra, Anjali","Ahmedabad: Town Planning Schemes for Equitable Development—Glass Half Full or Half Empty?","","","","","https://www.wri.org/research/ahmedabad-town-planning-schemes-equitable-development-glass-half-full-or-half-empty","SynopsisThis case study in the World Resources Report, “Towards a More Equal City,” examines transformative urban change in Ahmedabad, India, by analyzing the land pooling and readjustment mechanism called Town Planning Scheme (TPS). This paper reviews the evidence on whether the TPS mechanism has enabled transformative change with equitable outcomes in Ahmedabad City—and if so, how.","2018-08-29","2025-10-15 19:33:48","2025-10-15 19:34:36","2025-10-15 19:33:48","","","","","","","Ahmedabad","","","","","","","en","","","","","www.wri.org","","","","/home/aman/Zotero/storage/NKCN3WEM/Mahadevia et al. - 2018 - Ahmedabad Town Planning Schemes for Equitable Development—Glass Half Full or Half Empty.pdf","","Case study","","","","","","","","","","","","","","","","","","","","","","","","","","","","","","","","","","","","","","","","","","","","","","",""
"AR5DCV3J","report","2019","Becqué, Renilde; Weyl, Debbie; Stewart, Emma; Mackres, Eric; Jin, Luting; Shen, Xufei","Accelerating Building Decarbonization: Eight Attainable Policy Pathways to Net Zero Carbon Buildings For All","","","","","https://www.wri.org/publication/accelerating-building-decarbonization","Buildings that emit no greenhouse gas emissions during their operation are vital to meeting the SDGs and Paris Agreement targets. But in the past, zero carbon buildings have been assumed to be only attainable by technologically advanced or wealthy countries. New WRI research finds there are policy pathways to reach zero carbon buildings regardless of location or development status. The report identifies eight pathways countries can take to reach zero carbon buildings by reducing energy demand and cleaning energy supply.","2019-09-17","2025-10-14 18:56:57","2025-10-15 19:30:50","2020-07-30 18:36:15","","","","","","","Accelerating Building Decarbonization","","","","","","","en","","","","","www.wri.org","","","","/home/aman/Zotero/storage/ASY4XZJK/accelerating-building-decarbonization.pdf; /home/aman/Zotero/storage/QY3KMME2/Becqué et al. - 2019 - Accelerating Building Decarbonization Eight Attai.pdf; /home/aman/Zotero/storage/TFVHUYTQ/accelerating-building-decarbonization.html","","Report","","","","","","","","","","","","","","","","","","","","","","","","","","","","","","","","","","","","","","","","","","","","","","",""
"6JYZ9JIA","report","2015","Welle, Ben; Li, Wei; Adriazola-Steil, Claudia; King, Robin; Obelheiro, Marta; Sarmiento, Claudio; Liu, Qingnan","Cities Safer by Design","","","","","https://www.wri.org/publication/cities-safer-design","Many of the world’s cities can become safer, healthier places by changing the design of their streets and communities. Where public streets have been designed to serve primarily or even exclusively private motor vehicle traffic, they can be made immensely safer for all users if they are designed to effectively serve pedestrians, public transport users, bicyclists, and other public activity. This is currently not the case in many cities.","2015-07-23","2025-10-14 18:57:09","2025-10-14 20:47:25","2020-07-30 13:13:33","","","","","","","","","","","","","","en","","","","","www.wri.org","","","","/home/aman/Zotero/storage/V3XSMBUL/CitiesSaferByDesign_final.pdf; /home/aman/Zotero/storage/HQSQ9REZ/Welle et al. - 2015 - Cities Safer by Design.pdf; /home/aman/Zotero/storage/VC4ABTHP/cities-safer-design.html","","","","","","","","","","","","","","","","","","","","","","978-1-56973-866-5","","","","","","","","","","","","","","","","","","","","","","","","","","",""
"6C5B8WFF","journalArticle","2021","Martínez, A; King, Robin; Santana, J.L.; Jacquin, C; Páez, F","Exploring WRI Ross Center’s Experience in Mexico City: A Deep City-Level Engagement Approach","Washington, DC: World Resources Institute.","","","https://doi.org/10.46830/wripn.18.00098","","","2021","2025-10-14 18:57:23","2025-10-14 18:57:23","","","","","","","","","","","","Practice Note.","","","","","","","","","","","","/home/aman/Zotero/storage/6CRMPRFF/Martínez et al. - 2021 - Exploring WRI Ross Center’s Experience in Mexico City A Deep City-Level Engagement Approach.pdf","","","","","","","","","","","","","","","","","","","","","","","","","","","","","","","","","","","","","","","","","","","","","","","","",""
"F6APMSGT","report","2020","Santana Verduzco, Jose Luis; Martinez, Anamaria; King, Robin; Paez, Fernando; Jacquin, Celine; Hart, Maria; Brown, Anna","An Approach to Deep City Level Engagement: Exploring Outcomes in Mexico City","","","","","","","2020","2025-10-14 18:55:30","2025-10-14 18:55:30","","","","","","","","","","","","","World Resources Institute","Washington, DC","","","","","","","","","","","","","","","","","","","","","","","","","","","","","","","","","","","","","","","","","","","","","","","","","","","","","","","","","","",""
"I9FVXUDT","webpage","","","Citysphere | WRI China","","","","","https://www.citysphere.net/en","We are in an era of climate crisis. Cities play a vital role in addressing the challenges of climate change. In 2023, cities account for 57% of the global population and more than 70% of annual global carbon emissions. The decisions made by cities today will have a profound impact on energy consumption and carbon emissions in the coming decades. Therefore, promoting cities to set low-carbon goals and take active climate actions is the key to achieving the 1.5℃ target of the Paris Agreement.","","2025-10-16 20:49:16","2025-11-03 19:03:11","2025-10-16 20:49:16","","","","","","","","","","","","","","en","","","","","","","","","","","","","","","","","","","","","","","","","","","","","","","","","","","","","","","","","","","","","","","","","","","","","","","","","",""
"F7IDHQKH","report","","","Scaling Up Investment for Sustainable Urban Infrastructure: A Guide to National and Subnational Reform","","","","","https://urbantransitions.global/en/publication/scaling-up-investment-for-sustainable-urban-infrastructure-a-guide-to-national-and-subnational-reform/","This paper recommends a coordinated or systems approach to scaling up financing for sustainable infrastructure in cities.","","2025-10-16 16:09:51","2025-11-03 19:02:56","2025-10-16 16:09:51","","","","","","","Scaling Up Investment for Sustainable Urban Infrastructure","","","","","Coalition for Urban Transitions","","en-US","","","","","","","","","/home/aman/Zotero/storage/HKI2B7L9/Scaling Up Investment for Sustainable Urban Infrastructure A Guide to National and Subnational Refo.pdf","","","","","","","","","","","","","","","","","","","","","","","","","","","","","","","","","","","","","","","","","","","","","","","","",""
"RHI826EL","report","","","Resilient and affordable housing for all: Lessons on house building from Kochi and Trivandrum, India","","","","","https://urbantransitions.global/en/publication/resilient-and-affordable-housing-for-all-lessons-on-house-building-from-kochi-and-trivandrum-india/","This paper analyses lessons from Kochi and Trivandrum, Kerala, India, where municipal government and community partnerships on house building projects have led to better quality new housing stock while reducing costs and environmental impacts.","","2025-10-16 16:09:04","2025-11-03 19:02:26","2025-10-16 16:09:04","","","","","","","Resilient and affordable housing for all","","","","","Coalition for Urban Transitions","","en-US","","","","","","","","","/home/aman/Zotero/storage/UZEEKXRE/Resilient and affordable housing for all Lessons on house building from Kochi and Trivandrum, India.pdf","","","","","","","","","","","","","","","","","","","","","","","","","","","","","","","","","","","","","","","","","","","","","","","","",""
"T5CZFX74","webpage","","","Mexican Cities: Expansion trends and their impacts","","","","","https://urbantransitions.global/en/publication/mexican-cities-expansion-trends-and-their-impacts/","This publication analyses the recent evolution of Mexico's metropolitan areas from three perspectives.","","2025-10-16 16:12:02","2025-11-03 19:00:25","2025-10-16 16:12:02","","","","","","","Mexican Cities","","","","","","","en-US","","","","","","","","","/home/aman/Zotero/storage/578WBLN9/Las_ciudades_mexicanas_digital.pdf; /home/aman/Zotero/storage/6Q56SNGS/Mexican Cities Expansion trends and their impacts.pdf","","","","","","","","","","","","","","","","","","","","","","","","","","","","","","","","","","","","","","","","","","","","","","","","",""
"MEGBAC4J","report","","","Global Review of Finance For Sustainable Urban Infrastructure","","","","","https://urbantransitions.global/en/publication/global-review-of-finance-for-sustainable-urban-infrastructure/","This paper is a background review representing part of the initial phase of the Financing the Urban Transition work programme. The review builds on a growing body of research that highlights both the importance of national sustainable infrastructure and the need to develop more effective and efficient financing mechanisms for delivering compact, connected cities that meet the UN’s Sustainable Development Goals. While progress has been made in both these areas over the last five years, there remains a policy gap between the international/national level and the municipal level.","","2025-10-16 16:07:59","2025-11-03 19:00:05","2025-10-16 16:07:59","","","","","","","","","","","","Coalition for Urban Transitions","","en-US","","","","","","","","","/home/aman/Zotero/storage/CJJFQUCK/Global Review of Finance For Sustainable Urban Infrastructure.pdf","","","","","","","","","","","","","","","","","","","","","","","","","","","","","","","","","","","","","","","","","","","","","","","","",""
"LQLSXREW","report","","","Future Mobility Calculator: An electric mobility infrastructure tool","","","","","https://urbantransitions.global/en/publication/future-mobility-calculator-an-electric-mobility-infrastructure-tool/","Electric vehicles enable cities to reduce emissions while also reducing the operational cost of transport. The Future Mobility Calculator helps cities make informed decisions about the future of their mobility and energy systems.","","2025-10-16 16:13:20","2025-11-03 18:58:35","2025-10-16 16:13:20","","","","","","","Future Mobility Calculator","","","","","Coalition for Urban Transitions","","en-US","","","","","","","","","/home/aman/Zotero/storage/AY4WVYVF/Future_Mobility_Calculator_Abstract.pdf; /home/aman/Zotero/storage/C7Y49SYK/Future Mobility Calculator An electric mobility infrastructure tool.pdf","","","","","","","","","","","","","","","","","","","","","","","","","","","","","","","","","","","","","","","","","","","","","","","","",""
"G7QRARX5","report","","","Financing the Urban Transition for Sustainable Development: Better Finance for Better Cities","","","","","https://urbantransitions.global/en/publication/financing-the-urban-transition-for-sustainable-development-better-finance-for-better-cities/","In urban infrastructure the investment decisions taken today will shape tomorrow. Despite the critical importance of infrastructure for urban development, financing to scale up smarter, more sustainable urban infrastructure remains an immense challenge, particularly in emerging and developing economies.","","2025-10-16 16:05:41","2025-11-03 18:57:47","2025-10-16 16:05:41","","","","","","","Financing the Urban Transition for Sustainable Development","","","","","Coalition for Urban Transitions","","en-US","","","","","","","","","/home/aman/Zotero/storage/5B3N9D79/Financing the Urban Transition for Sustainable Development Better Finance for Better Cities.pdf","","","","","","","","","","","","","","","","","","","","","","","","","","","","","","","","","","","","","","","","","","","","","","","","",""
"6CCJGIY8","report","","","The Cost of Urban Expansion in Mexico","","","","","https://urbantransitions.global/es/publication/el-costo-de-la-expansion-urbana-en-mexico/","El informe El costo de la expansión urbana en México analiza el costo de la expansión urbana periférica en ocho áreas metropolitanas: Ciudad de México, Guadalajara, Monterrey, Tijuana, Reynosa, Mérida, Tuxtla Gutiérrez y Culiacán y recomienda tres principios básicos a considerar para avanzar hacia una planificación respetuosa con el medio ambiente, inclusiva y en la que se maximiza el potencial económico urbano.","","2025-10-15 20:09:01","2025-11-03 18:56:19","2025-10-15 20:09:01","","","","","","","","","","","","Coalition for Urban Transitions","","en-US","","","","","","","","","/home/aman/Zotero/storage/R7XM3P5B/Costos-económicos-para-la-expansión.pdf; /home/aman/Zotero/storage/3GR87D2V/El costo de la expansión urbana en México.pdf","","","","","","","","","","","","","","","","","","","","","","","","","","","","","","","","","","","","","","","","","","","","","","","","",""
"P8SNELNV","report","","","Acciones Federales Para la Planeación Urbana: Hacia mejores ciudades para todos","","","","","https://urbantransitions.global/es/publication/acciones-federales-para-la-planeacion-urbana/","Esta publicación analiza oportunidades y posibles rutas de acción en la política pública urbana federal para comenzar la transformación urbana a un modelo más sostenible e incluyente.","","2025-10-15 20:08:41","2025-11-03 18:54:38","2025-10-15 20:08:41","","","","","","","Acciones Federales Para la Planeación Urbana","","","","","Coalition for Urban Transitions","","en-US","","","","","","","","","/home/aman/Zotero/storage/TIUSCMAV/FINAL_Acciones-Federales-Planeación-Urbana.pdf; /home/aman/Zotero/storage/DH5MZH83/Acciones Federales Para la Planeación Urbana Hacia mejores ciudades para todos.pdf","","","","","","","","","","","","","","","","","","","","","","","","","","","","","","","","","","","","","","","","","","","","","","","","",""
"FJ5EAAEG","report","","","Seizing the Urban Opportunity","","","","","https://urbantransitions.global/en/publication/seizing-the-urban-opportunity/","How national governments can recover from COVID-19, secure shared prosperity, and tackle the climate crisis through cities.","","2025-10-15 20:07:42","2025-11-03 18:53:45","2025-10-15 20:07:42","","","","","","","","","","","","Coalition for Urban Transitions","","en-US","","","","","","","","","/home/aman/Zotero/storage/YAX2NUF3/Seizing the Urban Opportunity.pdf","","","","","","","","","","","","","","","","","","","","","","","","","","","","","","","","","","","","","","","","","","","","","","","","",""
"U975BVPY","journalArticle","","Díaz, Gorka Zubicaray; Montoya, Natalia García; Mora, Jorge A Macías","FEDERAL ACTIONS FOR URBAN PLANNING:","","","","","","","","2025-11-03 18:53:00","2025-11-03 18:53:00","","","","","","","","","","","","","","","en","","","","","Zotero","","","","/home/aman/Zotero/storage/XAZ3HV3V/Díaz et al. - FEDERAL ACTIONS FOR URBAN PLANNING.pdf","","","","","","","","","","","","","","","","","","","","","","","","","","","","","","","","","","","","","","","","","","","","","","","","",""
"I6YAAP9U","report","","","Developing Prosperous and Inclusive Cities in Africa – National Urban Policies to the Rescue?","","","","","https://urbantransitions.global/en/publication/developing-prosperous-and-inclusive-cities-in-africa-national-urban-policies-to-the-rescue/","New research by the African Centre for Cities for the Coalition for Urban Transitions sets out the specific role African national governments can play to to guide the transformation of cities, support municipal authorities, and unlock major investment for infrastructure.","","2025-10-16 16:08:39","2025-11-03 18:50:16","2025-10-16 16:08:39","","","","","","","","","","","","Coalition for Urban Transitions","","en-US","","","","","","","","","/home/aman/Zotero/storage/Y5JTRYEQ/Developing Prosperous and Inclusive Cities in Africa – National Urban Policies to the Rescue.pdf","","","","","","","","","","","","","","","","","","","","","","","","","","","","","","","","","","","","","","","","","","","","","","","","",""
"W7RBL7RC","report","","","Connected Urban Growth: Public-Private Collaborations for Transforming Urban Mobility","","","","","https://urbantransitions.global/en/publication/connected-urban-growth-public-private-collaborations-for-transforming-urban-mobility/","New mobility services could improve the lives of all urban inhabitants. This first ever global survey finds that applying three types of new mobility services – electric, on-demand minibuses, subsidized shared rides, and trip-planning and ticketing apps – can make public transport more affordable, accessible and sustainable, if integrated properly.","","2025-10-16 16:07:33","2025-11-03 18:49:30","2025-10-16 16:07:33","","","","","","","Connected Urban Growth","","","","","Coalition for Urban Transitions","","en-US","","","","","","","","","/home/aman/Zotero/storage/KFWVD68J/Connected Urban Growth Public-Private Collaborations for Transforming Urban Mobility.pdf","","","","","","","","","","","","","","","","","","","","","","","","","","","","","","","","","","","","","","","","","","","","","","","","",""
"CDMQS349","report","","","Climate Emergency, Urban Opportunity","","","","","https://urbantransitions.global/en/publication/climate-emergency-urban-opportunity/","How national governments can secure economic prosperity and avert climate catastrophe by transforming cities","","2025-10-15 20:08:12","2025-11-03 18:48:53","2025-10-15 20:08:12","","","","","","","","","","","","Coalition for Urban Transitions","","en-US","","","","","","","","","/home/aman/Zotero/storage/PWW4UTD4/Climate Emergency, Urban Opportunity.pdf","","","","","","","","","","","","","","","","","","","","","","","","","","","","","","","","","","","","","","","","","","","","","","","","",""
"PHQELPC8","report","","","The Future of Urban Mobility: The case for electric bus deployment in Bogotá, Colombia","","","","","https://urbantransitions.global/en/publication/the-future-of-urban-mobility-the-case-for-electric-bus-deployment-in-bogota-colombia/","Public transport officials in Bogotá, Colombia used an innovative planning tool to inform the electrification of their municipal bus fleet. This paper explores the city’s experience, and highlights lessons relevant for other governments looking to deploy electric buses.","","2025-10-16 16:10:19","2025-11-03 18:45:40","2025-10-16 16:10:19","","","","","","","The Future of Urban Mobility","","","","","Coalition for Urban Transitions","","en-US","","","","","","","","","/home/aman/Zotero/storage/UPQ43EQ6/The Future of Urban Mobility The case for electric bus deployment in Bogotá, Colombia.pdf","","","","","","","","","","","","","","","","","","","","","","","","","","","","","","","","","","","","","","","","","","","","","","","","",""
"8J6SSIN5","journalArticle","2024","Gounder, Kanika; Kanuri, Chaitanya","Enabling the Shift to Electric Auto-Rickshaws: A Guidebook for Electrification of Auto-rickshaw Fleets in Indian Cities","","","","","https://wri-india.org/research/enabling-shift-electric-auto-rickshaws-guidebook-electrification-auto-rickshaw-fleets","This project update highlights the release of a comprehensive guidebook aimed at facilitating the transition to electric auto-rickshaws (e-autos) in Indian cities. The transition to e-autos is critical for reducing greenhouse gas emissions, combating urban air pollution and promoting sustainable urban mobility in India. With auto-rickshaws serving as a vital mode of shared mobility, their electrification presents an opportunity to enhance environmental sustainability while improving the livelihoods of drivers and promoting social inclusion.","2024-04-16","2025-10-16 20:53:55","2025-11-03 18:09:55","2025-10-16 20:53:55","","","","","","","Enabling the Shift to Electric Auto-Rickshaws","","","","","","","en","","","","","www.wri.org","","","","/home/aman/Zotero/storage/DNGPDEBC/Gounder and Kanuri - 2024 - Enabling the Shift to Electric Auto-Rickshaws A Guidebook for Electrification of Auto-rickshaw Flee.pdf","","","","","","","","","","","","","","","","","","","","","","","","","","","","","","","","","","","","","","","","","","","","","","","","",""
"IF9KUUW4","journalArticle","2018","Chen, Martha; Beard, Victoria A.","Including the Excluded: Supporting Informal Workers for More Equal and Productive Cities in the Global South","","","","","https://www.wri.org/research/including-excluded-supporting-informal-workers-more-equal-and-productive-cities-global","SynopsisA small but growing number of cities are adopting more inclusive approaches to informal workers and this offers important lessons for cities that seek a more equal, productive and environmentally sustainable future. Informal workers account for 50 to 80 percent of urban employment and generate from 25 to 50 percent of the (non-agricultural) gross domestic product of the global south. Yet they are largely excluded from public infrastructure and services, public space, and public procurement contracts.","2018-05-29","2025-10-15 19:36:21","2025-11-03 18:00:34","2025-10-15 19:36:21","","","","","","","Including the Excluded","","","","","","","en","","","","","www.wri.org","","","","/home/aman/Zotero/storage/JV54EBA6/Chen and Beard - 2018 - Including the Excluded Supporting Informal Workers for More Equal and Productive Cities in the Glob.pdf","","Thematic Working Papers","","","","","","","","","","","","","","","","","","","","","","","","","","","","","","","","","","","","","","","","","","","","","","",""
"Z5T9JR7X","report","2024","Turner, B.M.; Eichinger-Vill, E.M.; El-Samra, S; Adriazola-Steil, Claudia; Burlacu","Guide for Safe Speeds: Managing Traffic Speeds to Save Lives and Improve Livability | GRSF","","","","","https://www.globalroadsafetyfacility.org/publications/guide-safe-speeds-managing-traffic-speeds-save-lives-and-improve-livability","","2024","2025-10-16 20:46:20","2025-10-30 19:54:31","2025-10-16 20:46:20","","","","","","","Guide for Safe Speeds","","","","","World Bank, Global Road Safety Facility, and World Resources Institute","Washington, DC","en","https://www.wri.org/update/comprehensive-guide-safer-roads-and-livable-cities","","","","","","","","/home/aman/Zotero/storage/FATSRMVP/Turner et al. - 2024 - Guide for Safe Speeds Managing Traffic Speeds to Save Lives and Improve Livability  GRSF.pdf","","","","","","","","","","","","","","","","","","","","","","","","","","","","","","","","","","","","","","","","","","","","","","","","",""
"WGG945XS","report","2021","Balderas Torres, Arturo; Angón Rodríguez, Sergio; Sudmant, Andrew; Gouldson, Andy","Mexico Frontrunners | Adapting to climate change in mountain cities: Lessons from Xalapa, Mexico.","","","","","https://urbantransitions.global/en/publication/mexico-frontrunners/","These policy briefs explore innovative approaches in Mexican cities that are addressing the challenges presented by urbanisation and the climate emergency. Focusing on eco-housing in Hermosillo, sustainable cycling in Mexico City and Guadalajara and climate change adaptation in Xalapa, they offer a blueprint for other urban areas in Mexico and around the world.","2021","2025-10-30 18:55:15","2025-10-30 19:01:17","2025-10-16 16:12:31","","","","","","","","","","","","Coalition for Urban Transitions","London and Washington, DC","en-US","","","","","","","","","/home/aman/Zotero/storage/DWJL6CVQ/Balderas Torres et al. - 2021 - Mexico Frontrunners  Adapting to climate change in mountain cities Lessons from Xalapa, Mexico..pdf","","","","","","","","","","","","","","","","","","","","","","","","","","","","","","","","","","","","","","","","","","","","","","","","",""
"L25V9QJE","report","2021","Oates, Lucy; Luviano-Ortiz, Jesus R; Balderas Torres, Arturo; Sudmant, Andrew; Gouldson, Andy","Mexico Frontrunners | Creating safe, affordable and sustainable housing in cities: Lessons from EcoCasa in Hermosillo","","","","","https://urbantransitions.global/en/publication/mexico-frontrunners/","These policy briefs explore innovative approaches in Mexican cities that are addressing the challenges presented by urbanisation and the climate emergency. Focusing on eco-housing in Hermosillo, sustainable cycling in Mexico City and Guadalajara and climate change adaptation in Xalapa, they offer a blueprint for other urban areas in Mexico and around the world.","2021","2025-10-30 18:55:20","2025-10-30 19:00:06","2025-10-16 16:12:31","","","","","","","","","","","","Coalition for Urban Transitions","London and Washington, DC","en-US","","","","","","","","","/home/aman/Zotero/storage/EZ8WMITV/Oates et al. - 2021 - Mexico Frontrunners  Creating safe, affordable and sustainable housing in cities Lessons from EcoC.pdf","","","","","","","","","","","","","","","","","","","","","","","","","","","","","","","","","","","","","","","","","","","","","","","","",""
"XN8TM9CB","report","2021","Balderas Torres, Arturo; Zafra Ortega, Andrea; Sudmant, Andrew; Gouldson, Andy","Mexico Frontrunners | Sustainable mobility for sustainable cities: Lessons from cycling schemes in Mexico City and Guadalajara, Mexico","","","","","https://urbantransitions.global/en/publication/mexico-frontrunners/","These policy briefs explore innovative approaches in Mexican cities that are addressing the challenges presented by urbanisation and the climate emergency. Focusing on eco-housing in Hermosillo, sustainable cycling in Mexico City and Guadalajara and climate change adaptation in Xalapa, they offer a blueprint for other urban areas in Mexico and around the world.","2021","2025-10-16 16:12:31","2025-10-30 18:58:25","2025-10-16 16:12:31","","","","","","","","","","","","Coalition for Urban Transitions","London and Washington, DC","en-US","","","","","","","","","/home/aman/Zotero/storage/2SFTYUT6/Sustainable-Mobility-for-Sustainable-Cities_Lessons-from-cycling-schemes-in-Mexico-City-and-Guadalajara-Mexico.pdf","","","","","","","","","","","","","","","","","","","","","","","","","","","","","","","","","","","","","","","","","","","","","","","","",""
"YIWQH4UE","journalArticle","2017","Rode, Philipp; Heeckt, Catarina; Ahrend, Rudiger; Huerta Melchor, Oscar; Robert, Alexis; Badstuber, Nicole; Hoolachan, Andrew; Kwami, Corina","Integrating national policies to deliver compact, connected cities: an overview of transport and housing","","","","","https://urbantransitions.global/en/publication/integrating-national-policies-to-deliver-compact-connected-cities-an-overview-of-transport-and-housing/","This report explores the ways in which urban policy sectors are integrated (or fragmented) in ten case study countries: China, Colombia, Ethiopia, Germany, India, Mexico, Nigeria, South Africa, the United Kingdom and the United States. The analysis is based on the most recent and authoritative national-level policy documents.","2017","2025-10-16 16:08:16","2025-10-30 18:53:00","2025-10-16 16:08:16","","","","","","","Integrating national policies to deliver compact, connected cities","","","","","","","en-US","","","","","","","","","/home/aman/Zotero/storage/TBWLSN3R/Rode et al. - 2017 - Integrating national policies to deliver compact, connected cities an overview of transport and hou.pdf","","","","","","","","","","","","","","","","","","","","","","","","","","","","","","","","","","","","","","","","","","","","","","","","",""
"WT3LS5PQ","journalArticle","2020","Moreno-Monroy, Ana; Gars, Jared; Matsumoto, Tadashi; Crook, Jonathan; Ahrend, Rudiger; Schumann, Abel","Housing policies for sustainable and inclusive cities: How national governments can deliver affordable housing and compact urban development","","","","","https://urbantransitions.global/en/publication/housing-policies-for-sustainable-and-inclusive-cities/","To deliver sustainable and inclusive cities, national housing policies must achieve two objectives at the same time: boost affordable housing supply and deliver compact urban development.","2020","2025-10-16 16:11:11","2025-10-30 18:52:55","2025-10-16 16:11:11","","","","","","","Housing policies for sustainable and inclusive cities","","","","","","","en-US","","","","","","","","","/home/aman/Zotero/storage/V4NEMTU8/Moreno-Monroy et al. - Housing policies for sustainable and inclusive cities How national governments can deliver affordab.pdf","","","","","","","","","","","","","","","","","","","","","","","","","","","","","","","","","","","","","","","","","","","","","","","","",""
"DBBUP3Q6","journalArticle","","","The Economic Case for Greening the Global Recovery through Cities: 7 priorities for national governments","","","","","https://urbantransitions.global/en/publication/the-economic-case-for-greening-the-global-recovery-through-cities/","Cities have been at the epicentre of the COVID-19 pandemic, but they also offer an opportunity to accelerate the transition to a resilient, equitable and low-carbon future. This paper explores seven priorities for national governments, as well as three cross-cutting measures, which can yield substantial economic dividends, rapidly create and protect millions of jobs for vulnerable populations and deliver quick and durable health and environmental benefits for citizens, all whilst contributing to long-term urban resilience.","","2025-10-16 16:11:38","2025-10-30 18:11:33","2025-10-16 16:11:38","","","","","","","The Economic Case for Greening the Global Recovery through Cities","","","","","","","en-US","","","","","","","","","/home/aman/Zotero/storage/6VR9E95E/The Economic Case for Greening the Global Recovery through Cities 7 priorities for national governm.pdf","","","","","","","","","","","","","","","","","","","","","","","","","","","","","","","","","","","","","","","","","","","","","","","","",""
"UQ9UR3V8","journalArticle","2025","Pasqual, Francisco; Azeredo, Laura","Accessibility to public green areas: case study in Belo Horizonte, Brazil","","","","","https://www.wribrasil.org.br/publicacoes/accessibility-public-green-areas-case-study-belo-horizonte-brazil","Estudo em inglês analisa a acessibilidade a áreas verdes na cidade de Belo Horizonte e sua relação com a renda","2025-03-18","2025-10-16 20:47:23","2025-10-30 18:06:39","2025-10-16 20:47:23","","","","","","","Accessibility to public green areas","","","","","","","pt-br","","","","","www.wribrasil.org.br","","","","/home/aman/Zotero/storage/VPHWLN2G/2025 - Accessibility to public green areas case study in Belo Horizonte, Brazil.pdf","","","","","","","","","","","","","","","","","","","","","","","","","","","","","","","","","","","","","","","","","","","","","","","","",""
"L6WW4KFB","journalArticle","2024","Horn, Lara; Tornello, Vitor Tramontin; Arioli, Magdala; Corrêa, Fernando; Azeredo, Laura","Accelerating Nature-Based Solutions in Brazilian Cities","UrbanShift","","","","https://www.shiftcities.org/publication/accelerating-nature-based-solutions-brazilian-cities","This practice note from WRI Brasil shares insights from the program's Nature-Based Solutions Accelerator.","2024-09-01","2025-10-16 21:00:14","2025-10-30 15:51:38","2025-10-16 21:00:14","","","","","","","","","","","","","","en","","","","","","","","","/home/aman/Zotero/storage/W8UKGGUH/2024 - Accelerating Nature-Based Solutions in Brazilian Cities.pdf","","","","","","","","","","","","","","","","","","","","","","","","","","","","","","","","","","","","","","","","","","","","","","","","",""
"K6U6RPQ9","journalArticle","2025","Sharma, Purva; Mukherjee, Aloke; Kanuri, Chaitanya; Chatterjee, Sudeshna","A “just” Transition in the Downstream Automotive Segment: Evidence from Delhi","","","","","https://wri-india.org/research/just-transition-downstream-automotive-segment-evidence-delhi","India is in the early stages of a planned transition of its automotive sector to EVs. Most (86.38 percent) of India’s 30.7-million-strong automotive workforce is employed in the sector’s downstream segment rather than in automotive manufacturing. The downstream segment, which encompasses post-manufacturing processes, is a services-oriented segment including dealerships, aftersales parts and servicing, vehicle repairs, and commercial drivers.","2025-05-19","2025-10-16 21:04:23","2025-10-21 18:27:21","2025-10-16 21:04:23","","","","","","","A “just” Transition in the Downstream Automotive Segment","","","","","","","en","","","","","wri-india.org","","","","/home/aman/Zotero/storage/DXQJLMG3/Sharma et al. - 2025 - A “just” Transition in the Downstream Automotive Segment Evidence from Delhi.pdf","","Type: Working Paper","","","","","","","","","","","","","","","","","","","","","","","","","","","","","","","","","","","","","","","","","","","","","","",""
"SEP4BN33","journalArticle","2019","Maassen, Anne; Galvin, Madeleine","What Does Urban Transformation Look Like? Findings from a Global Prize Competition","Sustainability","","","10.3390/su11174653","https://www.mdpi.com/2071-1050/11/17/4653","Different disciplines are grappling with the concept of &lsquo;urban transformation&rsquo; reflecting its planetary importance and urgency. A recent systematic review traces the emergence of a normative epistemic community that is concerned with helping make sustainable urban transformation a reality. Our contribution to this growing body of work springs out of a recent initiative at the World Resources Institute, namely, the WRI Ross Prize for Cities, a global award for transformative projects that have ignited sustainable changes in their city. In this paper we explain the competition-based approach that was used to source transformative initiatives and relate our findings to existing currents in urban transformation scholarship and key debates. We focus on one of the questions at the heart of the normative urban transformation agenda: what does urban transformation look like in practice? Based on an analysis of the five finalists, we describe urban transformation as encompassing a plurality of contextual and relative changes, which may progress and accelerate positively, or regress over time. An evaluative approach that considers varying &lsquo;degrees&rsquo; and &lsquo;types&rsquo; of urban transformation is proposed to establish meaning within single cases and across several cases of urban transformation.","2019-01","2025-10-21 18:26:52","2025-10-21 18:26:52","2021-12-28 19:58:51","4653","","17","11","","","What Does Urban Transformation Look Like?","","","","","","","en","http://creativecommons.org/licenses/by/3.0/","","","","www.mdpi.com","","Number: 17 Publisher: Multidisciplinary Digital Publishing Institute","","/home/aman/Zotero/storage/VFNQ7BNA/Maassen and Galvin - 2019 - What Does Urban Transformation Look Like Findings.pdf; /home/aman/Zotero/storage/9MMA69M3/Maassen and Galvin - 2019 - What Does Urban Transformation Look Like Findings.pdf; /home/aman/Zotero/storage/HKANSKX8/4653.html","","","interdisciplinary; research; systemic change; transformation; transitions; urban; urbanization","","","","","","","","","","","","","","","","","","","","","","","","","","","","","","","","","","","","","","","","","","","","","",""
"4BBZAIAZ","journalArticle","2019","Chu, Eric; Brown, Anna; Michael, Kavya; Du, Jillian; Lwasa, Shuaib; Mahendra, Anjali","Unlocking the Potential for Transformative Climate Adaptation in Cities","","","","","https://www.wri.org/research/unlocking-potential-transformative-climate-adaptation-cities","This paper is part of a series of background papers commissioned by the Global Commission on Adaptation to inform its 2019 flagship report. This paper reflects the views of the authors, and not necessarily those of the Global Commission on Adaptation.","2019-01-10","2025-10-15 19:36:12","2025-10-21 18:26:35","2025-10-16 18:57:50","","","","","","","","","","","","","","en","","","","","www.wri.org","","","","/home/aman/Zotero/storage/QNAJTANN/Chu et al. - 2019 - Unlocking the Potential for Transformative Climate Adaptation in Cities.pdf","","Thematic Working Papers","","","","","","","","","","","","","","","","","","","","","","","","","","","","","","","","","","","","","","","","","","","","","","",""
"BJ43MUYA","journalArticle","2020","Xue, Lulu; Jian, Liu; Ying, Wang; Xiaoshi, Liu; Ying, Xiong","Quantifying the Grid Impacts from Large Adoption of Electric Vehicles in China","","","","","https://www.wri.org/research/quantifying-grid-impacts-large-adoption-electric-vehicles-china","As the global frontrunner in plug-in electric vehicle (PEV) adoption, China can expect increasing impacts on its electrical grid as the uptake in PEVs and fast charging infrastructure continues to accelerate.","2020-01-01","2025-10-16 18:58:56","2025-10-21 18:26:15","2025-10-16 18:58:56","","","","","","","","","","","","","","en","","","","","www.wri.org","","","","/home/aman/Zotero/storage/A98U4CAR/Xue et al. - 2020 - Quantifying the Grid Impacts from Large Adoption of Electric Vehicles in China.pdf","","","","","","","","","","","","","","","","","","","","","","","","","","","","","","","","","","","","","","","","","","","","","","","","",""
"3KG7TEJ5","journalArticle","2022","Betti, Luana; Garcia, Marina Caregnato; Siqueira, Eduardo; Evers, Henrique","ImpactAr Tool: Valuing Air Quality Health Impacts of Urban Bus Fleet Changes in Brazil (2022)","","","","","https://www.wri.org/research/impactar-tool-air-quality-health-impacts-urban-bus-fleet-brazil-2022","In Brazil, where the transport sector is one of the biggest contributors to air pollution in cities, replacing conventional buses with electric vehicles can save lives and positively impact the economy. This is what ImpactAr tool, a technical note and a valuation model, demonstrates.","2022-02-23","2025-10-16 18:58:47","2025-10-21 18:26:13","2025-10-16 18:58:47","","","","","","","ImpactAr Tool","","","","","","","en","","","","","www.wri.org","","","","/home/aman/Zotero/storage/59TVFH3V/Betti et al. - 2022 - ImpactAr Tool Valuing Air Quality Health Impacts of Urban Bus Fleet Changes in Brazil (2022).pdf","","","","","","","","","","","","","","","","","","","","","","","","","","","","","","","","","","","","","","","","","","","","","","","","",""
"K7ED2BIP","journalArticle","2023","Wong, Ted; Switzer, Paul","Estimating Future Local Climate Hazard Probabilities","","","","","https://www.wri.org/research/estimating-future-local-climate-hazard-probabilities","This note describes methods for selecting and calibrating downscaled global climate models and using the modeled projections to generate probability models of complex climate hazard indicators.","2023-11-28","2025-10-16 20:48:36","2025-10-21 18:26:12","2025-10-16 20:48:36","","","","","","","","","","","","","","en","","","","","www.wri.org","","","","/home/aman/Zotero/storage/KCYZY79M/Wong and Switzer - 2023 - Estimating Future Local Climate Hazard Probabilities.pdf","","","","","","","","","","","","","","","","","","","","","","","","","","","","","","","","","","","","","","","","","","","","","","","","",""
"EH34J22X","journalArticle","2023","Wang, Jessica; Kothari, Vishant; Werthmann, Emmett; Jackson, Eleanor; Henderson, Lidia; Huntington, Alissa","Electric School Bus U.S. Market Study and Buyer’s Guide: A Resource for School Bus Operators Pursuing Fleet Electrification","","","","","https://www.wri.org/research/electric-school-bus-us-market-study-and-buyers-guide-resource-school-bus-operators","This publication is intended to serve as a resource primarily for school districts and transportation directors exploring school bus electrification and provide them with a better understanding of the state of the electric school bus market and available offerings.","2023-07-24","2025-10-16 19:21:26","2025-10-21 18:26:12","2025-10-16 19:21:26","","","","","","","Electric School Bus U.S. Market Study and Buyer’s Guide","","","","","","","en","","","","","www.wri.org","","","","/home/aman/Zotero/storage/PWDMVJD3/Wang et al. - 2023 - Electric School Bus U.S. Market Study and Buyer’s Guide A Resource for School Bus Operators Pursuin.pdf","","","","","","","","","","","","","","","","","","","","","","","","","","","","","","","","","","","","","","","","","","","","","","","","",""
"EU3B846S","journalArticle","2024","Wong, Ted; Mackres, Eric","City-Scale, City-Relevant Climate Hazard Indicators Under 1.5°C, 2.0°C, and 3.0°C of Global Warming","","","","","https://www.wri.org/research/technical-note-city-climate-hazards-warming-scenarios","This paper describes a data set of 14 temperature- and precipitation-related climate hazard indicators, calculated for 996 cities at the 1.5°C, 2.0°C, and 3.0°C global warming scenarios.","2024-09-19","2025-10-16 21:03:16","2025-10-21 18:26:08","2025-10-16 21:03:16","","","","","","","","","","","","","","en","","","","","www.wri.org","","","","/home/aman/Zotero/storage/YNU23MS8/Wong and Mackres - 2024 - City-Scale, City-Relevant Climate Hazard Indicators Under 1.5°C, 2.0°C, and 3.0°C of Global Warming.pdf","","","","","","","","","","","","","","","","","","","","","","","","","","","","","","","","","","","","","","","","","","","","","","","","",""
"FB6B6GGA","book","2021","Pérez, Tania; Freiberg, German; Bueno, Leonardo; Pizzol, Bruna; Escalante, David","Demand Responsive Transit","","","","","https://es.wri.org/publicaciones/demand-responsive-transit","SinopsisDemand Responsive Transit adapts well to users’ needs and can increase efficiency in situations where regular public transport systems are more cost­ly. However, as DRTs are constantly evolving, the concept and its applications and benefits can be hard to grasp.","2021-08-07","2025-10-16 19:12:25","2025-10-21 18:26:08","2025-10-16 19:12:25","","","","","","","","","","","","","","es","","","","","es.wri.org","","","","/home/aman/Zotero/storage/SY72CXTV/Pérez et al. - 2021 - Demand Responsive Transit.pdf","","","","","","","","","","","","","","","","","","","","","","","","","","","","","","","","","","","","","","","","","","","","","","","","",""
"49P88HQJ","journalArticle","2025","Chen, Ke; Xue, Lulu","Charging toward 2035: Policies to accelerate zero-emission heavy-duty trucks in China’s regional and long-haul freight","","","","","https://www.wri.org/research/charging-toward-2035-policies-accelerate-zero-emission-heavy-duty-trucks-chinas-regional-long-haul-freight","Adoption of zero-emission heavy-duty trucks (HDT) grew rapidly in China during the 2021–24 period. The current adoption of zero-emission HDTs is primarily concentrated in closed-loop applications (such as HDTs operating within factories or ports) and urban delivery. However, zero-emission HDTs are expected to expand into the regional delivery and long-haul applications, which are the two most common heavy-duty truck applications in China.","2025-10-15","2025-10-16 19:01:08","2025-10-21 18:26:07","2025-10-16 19:01:08","","","","","","","Charging toward 2035","","","","","","","en","","","","","www.wri.org","","","","/home/aman/Zotero/storage/N652JKEZ/Chen and Xue - 2025 - Charging toward 2035 Policies to accelerate zero-emission heavy-duty trucks in China’s regional and.pdf","","","","","","","","","","","","","","","","","","","","","","","","","","","","","","","","","","","","","","","","","","","","","","","","",""
"R7SA2F8E","journalArticle","2025","Zhang, Yiqian; Welle, Ben","Completing the Trip: Establishing a Global Quantified Climate Goal for the Transport Sector","","","","","https://www.wri.org/research/completing-trip-establishing-global-quantified-climate-goal-transport-sector","Countries should collectively commit to a quantified goal for transitioning away from fossil fuels in the transport sector. We propose a sectoral target of a shift to 35 percent green fuels and a 25 percent reduction in transport energy consumption (compared to 2022) by 2035. Such a goal encompasses all transport modes and embodies a comprehensive approach that includes a range of technologies, among them electrification, shifts to more sustainable travel such as rail and public transport, and scaling sustainable fuels for aviation and maritime.","2025-06-16","2025-10-16 21:13:46","2025-10-16 21:13:46","2025-10-16 21:13:46","","","","","","","Completing the Trip","","","","","","","en","","","","","www.wri.org","","","","/home/aman/Zotero/storage/MPYUE6TJ/Zhang and Welle - 2025 - Completing the Trip Establishing a Global Quantified Climate Goal for the Transport Sector.pdf","","","","","","","","","","","","","","","","","","","","","","","","","","","","","","","","","","","","","","","","","","","","","","","","",""
"CY332UVK","journalArticle","2024","Ma, Ramya; Chakrabarty, Subrata","Pathways to decarbonize India’s transport sector: Scenario analysis using the Energy Policy Simulator","","","","","https://wri-india.org/research/pathways-decarbonize-indias-transport-sector-scenario-analysis-using-energy-policy","India’s Long-Term Low-Carbon Development Strategy (LT-LEDS), submitted in November 2022, highlights key strategies such as electrification, fuel efficiency improvements, and a modal shift to public transport for passenger transport and toward railways for road freight. An integrated assessment of the decarbonization potential of each of these strategies and their cumulative impact is required to prioritize effective low-carbon transport policy packages.","2024-05-12","2025-10-16 21:12:29","2025-10-16 21:12:29","2025-10-16 21:12:29","","","","","","","Pathways to decarbonize India’s transport sector","","","","","","","en","","","","","wri-india.org","","","","/home/aman/Zotero/storage/X5GIF8FE/Ma and Chakrabarty - 2024 - Pathways to decarbonize India’s transport sector Scenario analysis using the Energy Policy Simulato.pdf","","","","","","","","","","","","","","","","","","","","","","","","","","","","","","","","","","","","","","","","","","","","","","","","",""
"ZF379WSQ","journalArticle","2025","Pai, Madhav; Mulukutla, Pawan; Mukherjee, Aloke","Toward a Framework to Support Better Decision-making in India’s Mobility Planning: Supply, Demand, and Performance","","","","","https://wri-india.org/research/toward-framework-support-better-decision-making-indias-mobility-planning-supply-demand-and","India’s cities face rising congestion, pollution and inequity as private vehicle use grows. Despite major investments in metros and e-buses, mobility planning often remains ad hoc and project-driven. This WRI India Expert Note introduces a demand–supply–performance framework to guide data-driven, long-term decision-making. By aligning commuter demand with infrastructure supply and evaluating outcomes through performance indicators, the note drives the shift to sustainable, efficient and equitable mobility planning across Indian cities.","2025-03-09","2025-10-16 21:11:08","2025-10-16 21:11:08","2025-10-16 21:11:08","","","","","","","Toward a Framework to Support Better Decision-making in India’s Mobility Planning","","","","","","","en","","","","","wri-india.org","","","","/home/aman/Zotero/storage/TB8BXIP3/Pai et al. - 2025 - Toward a Framework to Support Better Decision-making in India’s Mobility Planning Supply, Demand, a.pdf","","","","","","","","","","","","","","","","","","","","","","","","","","","","","","","","","","","","","","","","","","","","","","","","",""
"ZG6D9DQV","journalArticle","2025","Roboff, Katherine; Gander, Sue","Improving School Infrastructure for Healthier Students and Communities","","","","","https://www.wri.org/research/improving-school-infrastructure-healthier-students-and-communities","For families across the United States, public school buildings serve as essential facilities for learning, athletics, meals, community gatherings, and emergency response—yet they suffer from decades of underinvestment, as do school grounds and student transportation. This pattern of underinvestment strains school budgets, impairs student health and academic performance, and puts community safety at risk. While recent federal and state investments have begun to address the challenges facing our K–12 public education infrastructure, much more is required.","2025-03-17","2025-10-16 21:10:26","2025-10-16 21:10:26","2025-10-16 21:10:26","","","","","","","","","","","","","","en","","","","","www.wri.org","","","","/home/aman/Zotero/storage/HS34GMRD/Roboff and Gander - 2025 - Improving School Infrastructure for Healthier Students and Communities.pdf","","","","","","","","","","","","","","","","","","","","","","","","","","","","","","","","","","","","","","","","","","","","","","","","",""
"7YEEM4HE","journalArticle","2025","Gander, Sue; Epstein, Meredith","Driving Forward on a Clean Ride for Kids","","","","","https://www.wri.org/research/driving-forward-clean-ride-kids","The vast majority of our nation’s 480,000 school buses run on diesel fuel, whose emissions endanger the health of the more than ​​20 million children who ride them every day. Diesel exhaust pollutants can lead to cancer, asthma and other respiratory illnesses. Moreover, asthma is one of the leading causes of school absenteeism.","2025-03-25","2025-10-16 21:10:21","2025-10-16 21:10:21","2025-10-16 21:10:21","","","","","","","","","","","","","","en","","","","","www.wri.org","","","","/home/aman/Zotero/storage/VVW6Q4F9/Gander and Epstein - 2025 - Driving Forward on a Clean Ride for Kids.pdf","","","","","","","","","","","","","","","","","","","","","","","","","","","","","","","","","","","","","","","","","","","","","","","","",""
"F5IRY2D9","journalArticle","2025","Patki, Sharvari; Polisetty, Manojna; Ramaprasad, Vishal; Mir, Waseem; Mulukutla, Pawan","Financial Impact Assessment for Zero-Emission Trucks (Fi-ZET)","","","","","https://wri-india.org/research/financial-impact-assessment-zero-emission-trucks-fi-zet","The MS Excel-based tool ‘Financial Impact Assessment for Zero-Emission Trucks (Fi-ZET) has been developed to assess the financial viability of replacing a diesel-powered internal combustion engine (ICE) truck with a zero-emission electric truck (ZET). The tool is a flexible, transparent, and user-friendly solution for conducting a preliminary financial comparison between an electric truck and a diesel truck.","2025-08-14","2025-10-16 21:09:57","2025-10-16 21:09:57","2025-10-16 21:09:57","","","","","","","","","","","","","","en","","","","","wri-india.org","","","","/home/aman/Zotero/storage/XIUWB8VE/Patki et al. - 2025 - Financial Impact Assessment for Zero-Emission Trucks (Fi-ZET).pdf","","","","","","","","","","","","","","","","","","","","","","","","","","","","","","","","","","","","","","","","","","","","","","","","",""
"3BM8F7QM","journalArticle","2024","Mulukutla, Pawan; Pai, Madhav; Bhat, Rajit K.; Bachu, Prashant; Dubedi, Avinash; Varma, Dr Pramod; Nair, Sujith; Sinha, Anirban","Open E-Bus Blueprint","","","","","https://wri-india.org/research/open-e-bus-blueprint","This working paper by WRI India and FIDE presents a DPI framework to guide India’s shift to electric buses, with a goal to electrify 800,000 vehicles in seven years. It invites stakeholder input for an “open e-bus blueprint” to create a connected, efficient, and sustainable transit ecosystem.","2024-10-30","2025-10-16 21:09:26","2025-10-16 21:09:26","2025-10-16 21:09:26","","","","","","","","","","","","","","en","","","","","wri-india.org","","","","/home/aman/Zotero/storage/XJ45NAKA/Mulukutla et al. - 2024 - Open E-Bus Blueprint.pdf","","","","","","","","","","","","","","","","","","","","","","","","","","","","","","","","","","","","","","","","","","","","","","","","",""
"LRD39NWW","journalArticle","2024","Naidoo, Nadia Shah; Sanniti, Sophia; Malhotra, Chaandi; Doust, Michael; Batra, Pandora","Stronger NDCs With Cities, States, and Regions: Recommendations for National Governments","","","","","https://www.wri.org/research/stronger-ndcs-cities-states-regions-recommendations-national-governments","Countries can significantly enhance the ambition of their Nationally Determined Contributions (NDCs) through a more collaborative and integrated approach with subnational governments to fully align with the Paris Agreement goals. This document supports national governments in the facilitation of input from subnational governments in the NDC development process.","2024-11-13","2025-10-16 21:08:23","2025-10-16 21:08:23","2025-10-16 21:08:23","","","","","","","Stronger NDCs With Cities, States, and Regions","","","","","","","en","","","","","www.wri.org","","","","/home/aman/Zotero/storage/ALX2KV67/Naidoo et al. - 2024 - Stronger NDCs With Cities, States, and Regions Recommendations for National Governments.pdf","","","","","","","","","","","","","","","","","","","","","","","","","","","","","","","","","","","","","","","","","","","","","","","","",""
"Y9SPP5CM","journalArticle","2025","Oztaner, Burak; Soltanzadeh, Marjan; Todd, Amy; Zepka, Brian; Hakami, Amir","Technical Note for a Dataset Modeling the Societal Health and Climate Benefits Associated With Transitioning the US School Bus Fleet From Diesel to Electric","","","","","https://www.wri.org/research/technical-note-dataset-modeling-societal-health-and-climate-benefits-electric-school-buses","Approximately 90 percent of the half million school buses operating in the United States run on diesel, a fossil fuel known to emit harmful pollutants such as particulate matter, nitrogen oxides, and volatile organic compounds. These emissions, particularly from older buses, pose significant health risks to children and drivers, including of respiratory and cognitive impairment. Diesel exhaust has been classified as a carcinogen by the World Health Organization. Research shows that older diesel buses emit substantially more pollution than newer models, exacerbating public health burdens.","2025-08-27","2025-10-16 21:06:37","2025-10-16 21:06:37","2025-10-16 21:06:37","","","","","","","","","","","","","","en","","","","","www.wri.org","","","","/home/aman/Zotero/storage/TUJE36N2/Oztaner et al. - 2025 - Technical Note for a Dataset Modeling the Societal Health and Climate Benefits Associated With Trans.pdf","","","","","","","","","","","","","","","","","","","","","","","","","","","","","","","","","","","","","","","","","","","","","","","","",""
"CZYGGJFM","journalArticle","2025","","Trinta anos de expansão vertical e horizontal em cidades brasileiras","","","","","https://www.wribrasil.org.br/publicacoes/trinta-anos-expansao-vertical-horizontal-cidades-brasileiras","Análise da expansão da população e do volume construído em cidades brasileiras entre 1993 e 2020. Os resultados apontam que principais metrópoles se verticalizaram e concentrações urbanas médias se espraiaram.","2025-03-27","2025-10-16 21:03:41","2025-10-16 21:03:41","2025-10-16 21:03:41","","","","","","","","","","","","","","pt-br","","","","","www.wribrasil.org.br","","","","/home/aman/Zotero/storage/YUKHQ4ZE/2025 - Trinta anos de expansão vertical e horizontal em cidades brasileiras.pdf","","","","","","","","","","","","","","","","","","","","","","","","","","","","","","","","","","","","","","","","","","","","","","","","",""
"86FLY99L","journalArticle","2024","Zhang, Yiqian; Caldwell, Molly; Laxton, Valerie; Welle, Ben; Liu, K. Zé","Access to Climate Finance in Low and Middle-Income Countries: 14 Case Studies in the Transport Sector","","","","","https://www.wri.org/research/access-climate-finance-low-middle-income-countries-14-case-studies-transport-sector","This working paper provides a comprehensive analysis of climate finance for transport projects in low- and middle-income countries (LMICs) across Asia, Africa, and Latin America. By examining 839 transport projects and presenting 14 detailed case studies, the paper explores international climate finance sources—including climate funds, multilateral development banks, donor governments, and private investors—and their support for transport projects, from building all-weather roads to electric mobility and public transport.","2024-11-18","2025-10-16 21:03:18","2025-10-16 21:03:18","2025-10-16 21:03:18","","","","","","","Access to Climate Finance in Low and Middle-Income Countries","","","","","","","en","","","","","www.wri.org","","","","/home/aman/Zotero/storage/598PGHIA/Zhang et al. - 2024 - Access to Climate Finance in Low and Middle-Income Countries 14 Case Studies in the Transport Secto.pdf","","","","","","","","","","","","","","","","","","","","","","","","","","","","","","","","","","","","","","","","","","","","","","","","",""
"45X76PYZ","journalArticle","2025","Sen, Trinayani; Bansal, Priya; Kulkarni, Pranusha; Kanuri, Chaitanya","The Projected EV Transition in the Indian Automotive Manufacturing Industry: Perceptions and Enterprise-level Strategies","","","","","https://wri-india.org/research/projected-ev-transition-indian-automotive-manufacturing-industry-perceptions-and","India's projected transition to electric vehicles (EVs) is likely to pose different kinds of challenges and opportunities for automotive manufacturers of different sizes, especially micro, small and medium enterprises (MSMEs). A well-planned transition can ensure that these enterprises are not left behind, thus leading towards a just, inclusive, and equitable transition.","2025-01-09","2025-10-16 21:03:12","2025-10-16 21:03:12","2025-10-16 21:03:12","","","","","","","The Projected EV Transition in the Indian Automotive Manufacturing Industry","","","","","","","en","","","","","wri-india.org","","","","/home/aman/Zotero/storage/EPUVCNX3/Sen et al. - 2025 - The Projected EV Transition in the Indian Automotive Manufacturing Industry Perceptions and Enterpr.pdf","","","","","","","","","","","","","","","","","","","","","","","","","","","","","","","","","","","","","","","","","","","","","","","","",""
"PEYQQ739","journalArticle","2025","Lu, Lu; Chen, Yidan","From Concept to Application: Analyzing Just Transition in the Core Climate Documents of 80 Paris Agreement Parties","","","","","https://wri.org.cn/en/research/just-transition-core-climate-documents-80-paris-agreement","To achieve the Paris Agreement’s 1.5°C goal, countries’ emission reduction efforts are entering, or will soon enter, “uncharted waters”. While reducing emissions, governments must also address the negative socioeconomic problems induced by climate action. These issues include the decline of carbon-intensive industries, increased unemployment risks, and challenges related to regional economic development, social equity, and people’s livelihoods.","2025-10-06","2025-10-16 21:01:46","2025-10-16 21:01:46","2025-10-16 21:01:46","","","","","","","From Concept to Application","","","","","","","en","","","","","wri.org.cn","","","","/home/aman/Zotero/storage/YLBSN8PS/Lu and Chen - 2025 - From Concept to Application Analyzing Just Transition in the Core Climate Documents of 80 Paris Agr.pdf","","","","","","","","","","","","","","","","","","","","","","","","","","","","","","","","","","","","","","","","","","","","","","","","",""
"Q4JFZ2XF","journalArticle","2025","Mwangi, Amos; Abubaker, Iman Abdulwassi; Kipkirui, Japheth; Oursler, Anna","Assessing Supply Chain Barriers to and Opportunities for Advancing Road Transport Electrification in Kenya","","","","","https://www.wri.org/research/assessing-supply-chain-barriers-and-opportunities-advancing-road-transport-electrification","Kenya’s transport sector is the second-greatest contributor to the country’s greenhouse gas (GHG) emissions, accounting for 13 percent of total emissions. Over 75 percent of Kenyans can access clean energy, so switching to electric vehicles (EVs) could help Kenya curb air pollution and reach its decarbonization goals. But far fewer than 1 percent of vehicles sold in Kenya annually are electric.","2025-05-16","2025-10-16 21:01:41","2025-10-16 21:01:41","2025-10-16 21:01:41","","","","","","","","","","","","","","en","","","","","www.wri.org","","","","/home/aman/Zotero/storage/6FUBYXFZ/Mwangi et al. - 2025 - Assessing Supply Chain Barriers to and Opportunities for Advancing Road Transport Electrification in.pdf","","","","","","","","","","","","","","","","","","","","","","","","","","","","","","","","","","","","","","","","","","","","","","","","",""
"PUDTBEET","journalArticle","2024","Pandey, Manish Dutta; Kp, Aswathy; Mulukutla, Pawan","Assessing Financing Challenges for Implementing the Large-scale Electric Bus Program in India","","","","","https://wri-india.org/research/assessing-financing-challenges-implementing-large-scale-electric-bus-program-india","India plans to deploy 50,000-60,000 e-buses in the coming years. As e-bus deployment is a capital-intensive exercise, effective and innovative financing pathways become critical for scaling up India’s e-bus ambitions successfully.","2024-09-09","2025-10-16 21:01:39","2025-10-16 21:01:39","2025-10-16 21:01:39","","","","","","","","","","","","","","en","","","","","wri-india.org","","","","/home/aman/Zotero/storage/5YWGYI2T/Pandey et al. - 2024 - Assessing Financing Challenges for Implementing the Large-scale Electric Bus Program in India.pdf","","","","","","","","","","","","","","","","","","","","","","","","","","","","","","","","","","","","","","","","","","","","","","","","",""
"3MPR8RXP","journalArticle","2025","Brown, Charles T.; Jackson, Eleanor","Needs Assessment for Equitable School Bus Electrification in U.S. School Districts","","","","","https://www.wri.org/research/needs-assessment-equitable-school-bus-electrification-us-school-districts","This paper discusses the findings from a survey and series of focus groups aimed at understanding what school districts need to advance equitable school bus electrification in the United States.","2025-03-13","2025-10-16 21:01:03","2025-10-16 21:01:03","2025-10-16 21:01:03","","","","","","","","","","","","","","en","","","","","www.wri.org","","","","/home/aman/Zotero/storage/78QQXC4Z/Brown and Jackson - 2025 - Needs Assessment for Equitable School Bus Electrification in U.S. School Districts.pdf","","","","","","","","","","","","","","","","","","","","","","","","","","","","","","","","","","","","","","","","","","","","","","","","",""
"898QL8LB","journalArticle","2025","Meneses, Sandra; Cano, Daniel; Cárdenas, Beatriz; Grajales, John Freddy; Cruz, Gustavo Alfonso Romero; Durán, Edison Yesid Ortiz; Hernández, Ana Milena Quinchara","Aire limpio en Barrios Vitales","","","","","https://es.wri.org/publicaciones/aire-limpio-en-barrios-vitales","Los proyectos de infraestructura urbana y movilidad en el espacio público, en muchos casos, no cuentan con indicadores de impacto sobre la calidad del aire, lo que dificulta el monitoreo de su efectividad y la toma de decisiones.","2025-05-09","2025-10-16 21:01:00","2025-10-16 21:01:00","2025-10-16 21:01:00","","","","","","","","","","","","","","es","","","","","es.wri.org","","","","/home/aman/Zotero/storage/JEKYDNCE/Meneses et al. - 2025 - Aire limpio en Barrios Vitales.pdf","","","","","","","","","","","","","","","","","","","","","","","","","","","","","","","","","","","","","","","","","","","","","","","","",""
"IJJDZ97I","journalArticle","2023","Munjal, Guncha; Nallapaneni, Anuraag; Mulukutla, Pawan; Mishra, Shubham; Dwivedi, Garima","Supporting the Energy Transition by Addressing Technology Gaps of Electrolyzers","","","","","https://wri-india.org/research/supporting-energy-transition-addressing-technology-gaps-electrolyzers","SynopsisSupporting the energy transition by addressing technology gaps of electrolyzers- This report reviews the progress and current state of play for hydrogen production and corresponding electrolyzer technologies and proposes recommendations for addressing technology challenges, and exploring collaboration opportunities among G20 countries, through synchronized policy action.","2023-07-20","2025-10-16 20:57:55","2025-10-16 20:57:55","2025-10-16 20:57:55","","","","","","","","","","","","","","en","","","","","wri-india.org","","","","/home/aman/Zotero/storage/SJV8MCL5/Munjal et al. - 2023 - Supporting the Energy Transition by Addressing Technology Gaps of Electrolyzers.pdf","","","","","","","","","","","","","","","","","","","","","","","","","","","","","","","","","","","","","","","","","","","","","","","","",""
"ZHVASZDX","journalArticle","2023","Nallapaneni, Anuraag; Munjal, Guncha; Mulukutla, Pawan; Saxena, Jatin","Accelerating the Production and Use of Green Hydrogen","","","","","https://wri-india.org/research/accelerating-production-and-use-green-hydrogen","SynopsisThis report focuses on three key aspects that G20 nations should prioritize to establish and accelerate the adoption of green hydrogen. The primary focus areas identified in this report include:","2023-07-20","2025-10-16 20:57:54","2025-10-16 20:57:54","2025-10-16 20:57:54","","","","","","","","","","","","","","en","","","","","wri-india.org","","","","/home/aman/Zotero/storage/IGF4RZH7/Nallapaneni et al. - 2023 - Accelerating the Production and Use of Green Hydrogen.pdf","","","","","","","","","","","","","","","","","","","","","","","","","","","","","","","","","","","","","","","","","","","","","","","","",""
"AK3FRPBN","journalArticle","2025","Jamba, Harshita; Devaraj, Aravinda; Kanuri, Chaitanya","Fare-free Bus Travel Scheme for Women: Lessons from Delhi","","","","","https://wri-india.org/research/fare-free-bus-travel-scheme-women-lessons-delhi","In 2019, Delhi introduced India’s first fare-free public transport (FFPT","2025-03-17","2025-10-16 20:57:10","2025-10-16 20:57:10","2025-10-16 20:57:10","","","","","","","Fare-free Bus Travel Scheme for Women","","","","","","","en","","","","","wri-india.org","","","","/home/aman/Zotero/storage/4A42AVTA/Jamba et al. - 2025 - Fare-free Bus Travel Scheme for Women Lessons from Delhi.pdf","","","","","","","","","","","","","","","","","","","","","","","","","","","","","","","","","","","","","","","","","","","","","","","","",""
"66AMIRAB","journalArticle","2025","Sahab (WRI), Ahmad; Lipu, Bergita Gusti; Afwani, Muhammad Zayyanul; Wihanesta, Retno","Panduan Pelaksanaan Inventarisasi Pohon Perkotaan","","","","","https://wri-indonesia.org/id/publikasi/panduan-pelaksanaan-inventarisasi-pohon-perkotaan","Kota dengan segala aktivitas yang tinggi di dalamnya membutuhkan pepohonan yang berperan penting secara ekologis, sosial, ekonomi, dan estetika. Kondisi kota saat ini yang semakin rentan akan perubahan iklim ditambah tingginya populasi serta berbagai kegiatan sektoral yang melepas banyak emisi gas rumah kaca harus menjadi perhatian bersama. Keberadaan pohon bisa menjadi solusi yang low hanging fruit terhadap kondisi ini.","2025-12-03","2025-10-16 20:56:57","2025-10-16 20:56:57","2025-10-16 20:56:57","","","","","","","","","","","","","","id","","","","","wri-indonesia.org","","","","/home/aman/Zotero/storage/HR875TA8/Sahab (WRI) et al. - 2025 - Panduan Pelaksanaan Inventarisasi Pohon Perkotaan.pdf","","","","","","","","","","","","","","","","","","","","","","","","","","","","","","","","","","","","","","","","","","","","","","","","",""
"77XI2CCH","journalArticle","2022","Oliver, Emmie; Marsters, Lizzie","Nature-Based Solutions in Sub-Saharan Africa for Climate and Water Resilience","","","","","https://www.wri.org/research/nature-based-solutions-sub-saharan-africa-climate-and-water-resilience","This technical note outlines the methodology used to create a region-wide dataset of projects that have implemented NBS for climate- and water-resilience objectives in two multilateral development bank (MDB) portfolios — the World Bank and the African Development Bank.","2022-03-11","2025-10-16 20:55:56","2025-10-16 20:55:56","2025-10-16 20:55:56","","","","","","","","","","","","","","en","","","","","www.wri.org","","","","/home/aman/Zotero/storage/EVQRX4BG/Oliver and Marsters - 2022 - Nature-Based Solutions in Sub-Saharan Africa for Climate and Water Resilience.pdf","","","","","","","","","","","","","","","","","","","","","","","","","","","","","","","","","","","","","","","","","","","","","","","","",""
"XNEXRUV6","journalArticle","2024","Lazer, Leah; Freehafer, Lydia; Worker, Jesse; Achury, Alejandra; Shrestha, Rajat; Brown, Charles T.; Kodakkandathil, Vineesh; Zepka, Brian","Electrifying US School Bus Fleets Equitably to Reduce Air Pollution Exposure in Underserved Communities","","","","","https://www.wri.org/research/electrifying-us-school-bus-fleets-equitably-reduce-air-pollution-exposure-underserved","This report is part of the Equity Framework in Action by World Resource Institute’s (WRI) Electric School Bus (ESB) Initiative. Its purpose is to provide an equity analysis of the geographic distribution of school buses, their fuel types, and their emissions control technology to understand which school districts and which populations are exposed to emissions from the oldest, most polluting school buses, and, conversely, what the socioeconomic characteristics are of the districts that have had early success procuring electric school buses.","2024-05-08","2025-10-16 20:55:54","2025-10-16 20:55:54","2025-10-16 20:55:54","","","","","","","","","","","","","","en","","","","","www.wri.org","","","","/home/aman/Zotero/storage/XIS3GRSC/Lazer et al. - 2024 - Electrifying US School Bus Fleets Equitably to Reduce Air Pollution Exposure in Underserved Communit.pdf","","","","","","","","","","","","","","","","","","","","","","","","","","","","","","","","","","","","","","","","","","","","","","","","",""
"RBHLSNFV","journalArticle","2023","M, Sowmya; Maiti, Sudeept; Mukherjee, Aloke; Balachandran, Archana; Ganesh, Prasanna Kumar","Improving Metro Access in India","","","","","https://wri-india.org/research/improving-metro-access-india","Poor access (last-mile connectivity) to metro rail systems in India has contributed to lower-than-planned ridership, causing the underutilization of over US$25 billion in investments in the sector. There is little understanding of what metro commuters seek from their last-mile commute. This paper draws from a three-city survey of 7,200 metro commuters to understand current metro user demographics and last-mile choices and preferences. Our data shows that Indian metro systems attract young, middle-income commuters. Indian metro commuters are highly sensitive to last-mile wait times and costs.","2023-07-14","2025-10-16 20:55:51","2025-10-16 20:55:51","2025-10-16 20:55:51","","","","","","","","","","","","","","en","","","","","wri-india.org","","","","/home/aman/Zotero/storage/DVWJVUBK/M et al. - 2023 - Improving Metro Access in India.pdf","","","","","","","","","","","","","","","","","","","","","","","","","","","","","","","","","","","","","","","","","","","","","","","","",""
"5BWJCPIH","journalArticle","2024","Kumar, Dr Parveen; Mulukutla, Pawan; Doshi, Priyansh","Real-world Electric Bus Operation: Trend in Technology, Performance, Degradation, and Lifespan of Batteries","","","","","https://wri-india.org/research/real-world-electric-bus-operation-trend-technology-performance-degradation-and-lifespan","The working paper, identifies specific battery technologies that are preferred for powering e-buses in different geographical locations across the world and assesses their performance under different environmental conditions. The paper studies how different stress factors contribute to the ageing of batteries and their overall impact on the automotive life of e-bus batteries.","2024-12-01","2025-10-16 20:54:23","2025-10-16 20:54:23","2025-10-16 20:54:23","","","","","","","Real-world Electric Bus Operation","","","","","","","en","","","","","wri-india.org","","","","/home/aman/Zotero/storage/TPWLK2WI/Kumar et al. - 2024 - Real-world Electric Bus Operation Trend in Technology, Performance, Degradation, and Lifespan of Ba.pdf","","","","","","","","","","","","","","","","","","","","","","","","","","","","","","","","","","","","","","","","","","","","","","","","",""
"4QVNEMJK","journalArticle","2023","林嘉颖; 邱诗永; 刘思怡; 刘岱宗","Assessing Low-Carbon Strategies of Local Governments Through the Lens of Climate Policy Coverage","","","","","https://wri.org.cn/en/research/ASSESSING-LOW-CARBON-STRATEGIES-OF-LOCAL-GOVERNMENTS-THROUGH-THE-LENS-OF-CLIMATE-POLICY-COVERAGE","This study establishes the City Climate Policy Assessment Framework, drawing from the American Council for an Energy-Efficient Economy’s City Clean Energy Scorecard and an analysis of 12 sample cities in China and abroad. The framework evaluates city climate policies across seven key areas: community-wide initiatives, building policy, transportation policy, energy and water utilities, waste management, local government operations, and green finance.","2023-09-21","2025-10-16 20:53:33","2025-10-16 20:53:33","2025-10-16 20:53:33","","","","","","","","","","","","","","en","","","","","wri.org.cn","","","","/home/aman/Zotero/storage/BYG7SB5U/林嘉颖 et al. - 2023 - Assessing Low-Carbon Strategies of Local Governments Through the Lens of Climate Policy Coverage.pdf","","","","","","","","","","","","","","","","","","","","","","","","","","","","","","","","","","","","","","","","","","","","","","","","",""
"SLBEFTYS","journalArticle","2023","Zhang, Yiqian; Castellanos, Sebastian; Welle, Ben","Visioning to Implementation: National Transport Decarbonization Policies That Match Climate Targets in China, India, and Vietnam","","","","","https://www.wri.org/research/visioning-implementation-national-transport-decarbonization-policies-match-climate-targets","The report assesses how three Asian countries—China, India, and Vietnam—are translating their international climate ambition in the NDCs into national climate change–related transport strategies and policies.","2023-04-12","2025-10-16 20:50:02","2025-10-16 20:50:02","2025-10-16 20:50:02","","","","","","","Visioning to Implementation","","","","","","","en","","","","","www.wri.org","","","","/home/aman/Zotero/storage/4F6FZX44/Zhang et al. - 2023 - Visioning to Implementation National Transport Decarbonization Policies That Match Climate Targets.pdf","","","","","","","","","","","","","","","","","","","","","","","","","","","","","","","","","","","","","","","","","","","","","","","","",""
"KQIZF5GX","journalArticle","2024","Cabral, Henrique; Barcelos, Mariana Müller; Blank, Cynthia; Albuquerque, Cristina; Petzhold, Guillermo; Silva, Rafael Stucchi da; Siqueira, Rafael Gustavo Silva; Alves, Luiz Marcelo Teixeira","Manual da Pesquisa de Satisfação QualiÔnibus","","","","","https://www.wribrasil.org.br/publicacoes/manual-pesquisa-satisfacao-qualionibus","Uma metodologia para avaliar a satisfação dos clientes do transporte coletivo por ônibus","2024-09-18","2025-10-16 20:49:27","2025-10-16 20:49:27","2025-10-16 20:49:27","","","","","","","","","","","","","","pt-br","","","","","www.wribrasil.org.br","","","","/home/aman/Zotero/storage/9WYQ4NHT/Cabral et al. - 2024 - Manual da Pesquisa de Satisfação QualiÔnibus.pdf","","","","","","","","","","","","","","","","","","","","","","","","","","","","","","","","","","","","","","","","","","","","","","","","",""
"YCVNQUPU","journalArticle","2023","Lazer, Leah","Assessing the Environmental Impact of Shared Micromobility Services: A Guide for Cities","","","","","https://www.numo.global/resources/micromobility-emissions-life-cycle-assessment-guide","This Guidebook is a comprehensive guide to support cities in navigating the process of understanding emissions from shared micromobility.","2023-04-25","2025-10-16 20:49:18","2025-10-16 20:49:18","2025-10-16 20:49:18","","","","","","","Assessing the Environmental Impact of Shared Micromobility Services","","","","","","","en","","","","","www.wri.org","","","","/home/aman/Zotero/storage/EYR3VUSG/Lazer - 2023 - Assessing the Environmental Impact of Shared Micromobility Services A Guide for Cities.pdf","","","","","","","","","","","","","","","","","","","","","","","","","","","","","","","","","","","","","","","","","","","","","","","","",""
"E74MHE3J","journalArticle","2024","Rangwala, Lubaina; Chatterjee, Sudeshna; Agarwal, Avni; Khanna, Bhanu; Uri, Ike; Shetty, Bina; Palanichamy, Raj Bhagat; Ramesh, Ananya","Climate Resilient Cities: Assessing Differential Vulnerability to Climate Hazards in Urban India","","","","","https://wri-india.org/publication/climate-resilient-cities-assessing-differential-vulnerability-climate-hazards-urban","Based on WRI India’s work in Maharashtra, Karnataka and Kerala, the report drives the case for integrating equity into climate action planning, enabling Indian city officials, planners, consultants and community members to deepen their understanding of urban climate hazards, its causes and its impact on communities. The report introduces the Climate Hazard and Vulnerability Assessment (CHVA) framework, which is divided into three parts: Hazard Identification and Assessment, Exposure Analysis, and Vulnerability Assessment.","2024-02-26","2025-10-16 20:48:38","2025-10-16 20:48:38","2025-10-16 20:48:38","","","","","","","Climate Resilient Cities","","","","","","","en","","","","","www.wri.org","","","","/home/aman/Zotero/storage/5LMID2ZW/Rangwala et al. - 2024 - Climate Resilient Cities Assessing Differential Vulnerability to Climate Hazards in Urban India.pdf","","","","","","","","","","","","","","","","","","","","","","","","","","","","","","","","","","","","","","","","","","","","","","","","",""
"KNJDZEKU","journalArticle","2023","Mathews, Rejeet; Kundu, Amitabh; Chawla, Paramjeet; Sebastian, Tintu; Palanichamy, Raj Bhagat; Pai, Madhav","Morphology of Delhi National Capital Region’s Economic Geography and Its Implications for Planning","","","","","https://www.wri.org/research/morphology-delhi-national-capital-regions-economic-geography-and-its-implications-planning","This report studies the Delhi National Capital Region (NCR), which accommodates India’s foremost economic agglomeration, through an economic geography lens that closely synergizes with urban and regional planning and governance.","2023-07-18","2025-10-16 20:48:05","2025-10-16 20:48:05","2025-10-16 20:48:05","","","","","","","","","","","","","","en","","","","","www.wri.org","","","","/home/aman/Zotero/storage/DZJT48PA/Mathews et al. - 2023 - Morphology of Delhi National Capital Region’s Economic Geography and Its Implications for Planning.pdf","","","","","","","","","","","","","","","","","","","","","","","","","","","","","","","","","","","","","","","","","","","","","","","","",""
"XSEZZRCK","journalArticle","2025","Chatterjee, Sudeshna; Jain, Saurabh; Shetty, Ojas; Aggarwal, Akanksha; Siroliya, Yash; Ashar, Dhawal","Safer Streets in Mumbai: Reflecting on a Decade of Processes & Solutions for Road Safety","","","","","https://wri-india.org/research/safer-streets-mumbai-reflecting-decade-processes-solutions-road-safety","Mumbai has been working to improve road safety and develop pedestrian infrastructure using the Safe System approach for over a decade under the Bloomberg Initiative for Global Road Safety (BIGRS). This report is a first-of-its-kind formative evaluation of the road safety initiatives undertaken by the Brihanmumbai Municipal Corporation, in partnership with WRI India and other partners, under the BIGRS program.","2025-02-09","2025-10-16 20:48:04","2025-10-16 20:48:04","2025-10-16 20:48:04","","","","","","","Safer Streets in Mumbai","","","","","","","en","","","","","wri-india.org","","","","/home/aman/Zotero/storage/GEPLBH9T/Chatterjee et al. - 2025 - Safer Streets in Mumbai Reflecting on a Decade of Processes & Solutions for Road Safety.pdf","","","","","","","","","","","","","","","","","","","","","","","","","","","","","","","","","","","","","","","","","","","","","","","","",""
"X8XQGK5T","journalArticle","2024","Shao, Yang; Lazer, Leah; Taff, Gregory","Dataset of U.S. School Bus Depots","","","","","https://www.wri.org/research/dataset-us-school-bus-depots","This technical note describes the methods used to create a first-of-its-kind dataset of school bus depot locations in the United States. There are nearly half a million school buses in the country but almost no public information about where they are kept.","2024-04-01","2025-10-16 20:47:25","2025-10-16 20:47:25","2025-10-16 20:47:25","","","","","","","","","","","","","","en","","","","","www.wri.org","","","","/home/aman/Zotero/storage/WHNHMWT4/Shao et al. - 2024 - Dataset of U.S. School Bus Depots.pdf","","","","","","","","","","","","","","","","","","","","","","","","","","","","","","","","","","","","","","","","","","","","","","","","",""
"YDDAA9NK","journalArticle","2025","López, Segundo; John, Vineet; Pérez-Barbosa, David; Perdomo, Valentina; Vega, Juliana; Kisner, Jessica; Dumbaugh, Eric; Vijayarangan, Vipassana; Jakovcevic, Adriana; Adriazola-Steil, Claudia; Kemp, Hannah","Motorcycle safety and urban road infrastructure","","","","","https://www.wri.org/research/motorcycle-safety-and-urban-road-infrastructure","The UN Global Plan of Action on Road Safety aims to reduce global road fatalities by half by 2030, with a focus on vulnerable road users such as motorcyclists, pedestrians, and cyclists, who collectively account for half of all global road deaths. In Latin America, Africa, and Asia, motorized two-wheelers fleets are growing rapidly accompanied by a rise in road fatalities and injuries. Today, motorized two- and three-wheelers account for 30 percent of total traffic fatalities globally- the highest share by road user.","2025-10-03","2025-10-16 20:45:39","2025-10-16 20:45:39","2025-10-16 20:45:39","","","","","","","","","","","","","","en","","","","","www.wri.org","","","","/home/aman/Zotero/storage/XJR2TFYJ/López et al. - 2025 - Motorcycle safety and urban road infrastructure.pdf","","","","","","","","","","","","","","","","","","","","","","","","","","","","","","","","","","","","","","","","","","","","","","","","",""
"29TAZZS2","journalArticle","2024","Kustar, Anna; Davidson, Adam; Tun, Thet Hein; Welle, Ben; Muralidaran, Santosh","A Fare Look: Funding Urban Public Transport Operations","","","","","https://www.wri.org/research/fare-look-funding-urban-public-transport-operations","This paper investigates the financial challenges urban public transit systems faced during the COVID-19 pandemic, focusing on operational funding sources across 12 global cities. We highlight how fare revenues, a primary income source, sharply declined during the pandemic, and compare how transit agencies from various geographies filled the funding gap via government subsidies, taxes, or alternative revenue streams. The study categorizes funding instruments as direct, indirect, or general, offering a ""toolbox"" of options to enhance financial resilience.","2024-11-12","2025-10-16 20:44:57","2025-10-16 20:44:57","2025-10-16 20:44:57","","","","","","","A Fare Look","","","","","","","en","","","","","www.wri.org","","","","/home/aman/Zotero/storage/DNCZH8ZU/Kustar et al. - 2024 - A Fare Look Funding Urban Public Transport Operations.pdf","","","","","","","","","","","","","","","","","","","","","","","","","","","","","","","","","","","","","","","","","","","","","","","","",""
"4L33T376","journalArticle","2014","Lefevre, Benoit; Leipziger, David; Raifman, Matthew","The Trillion Dollar Question","","","","","https://www.wri.org/research/trillion-dollar-question","SynopsisThis paper attempts to quantify capital investment in transport around the world. Distinguishing public and private investment at the national and international level is the first step needed to shift investment towards more sustainable, low-carbon modes and systems.","2014-01-15","2025-10-16 20:44:55","2025-10-16 20:44:55","2025-10-16 20:44:55","","","","","","","","","","","","","","en","","","","","www.wri.org","","","","/home/aman/Zotero/storage/QZ957K8X/Lefevre et al. - 2014 - The Trillion Dollar Question.pdf","","","","","","","","","","","","","","","","","","","","","","","","","","","","","","","","","","","","","","","","","","","","","","","","",""